"","Term","Overlap","P.value","Adjusted.P.value","Old.P.value","Old.Adjusted.P.value","Odds.Ratio","Combined.Score","Genes"
"1","chromosome (GO:0005694)","27/160",6.92857692510483e-16,1.718287077426e-13,0,0,8.95078605604921,312.433515901216,"TOP2A;NCAPG;DDX21;NOL8;SMC5;SMC6;MKI67;SMC3;SMC2;WRN;TOPBP1;DDX18;PBRM1;KRR1;RECQL;DNTTIP2;ESCO2;ZFX;PUM3;GNL3;SETX;CENPE;RSL1D1;STAG2;NCL;TOP1;CLOCK"
"2","intracellular non-membrane-bounded organelle (GO:0043232)","67/1158",5.32126241472893e-12,6.59836539426388e-10,0,0,2.83137946837763,73.5006588895693,"TOP2A;TOP2B;WDR3;CLTC;KIF11;SMC3;MKI67;WDR43;SMC2;SYNE1;NUSAP1;NBN;TOPBP1;DDX18;PPP1R12A;DIS3;CEP295;RECQL;MTUS1;WDR75;DNTTIP2;ACSL4;KIF23;ESCO2;GNL2;ZFX;CKAP5;GNL3;NCL;AKAP9;PLIN2;TOP1;KIF20A;UTRN;KIF20B;CLOCK;GTF3C3;ROCK1;ROCK2;DHX9;HEATR1;TWF1;NOL8;DDX21;SDAD1;FXR1;WRN;IFI16;CALD1;DNAJC21;NRIP1;UTP20;ZNF146;PLK4;NOP58;KRR1;NOC3L;LRPPRC;PUM3;CENPE;TPX2;RSL1D1;CENPF;DIAPH2;STAG2;TTC3;EIF3A"
"3","nuclear lumen (GO:0031981)","48/745",2.16661798985467e-10,1.79107087161319e-08,0,0,3.09587286803656,68.8914791139798,"TOP2A;TOP2B;GTF3C3;DHX9;WDR3;HEATR1;TWF1;NOL8;DDX21;SDAD1;MKI67;WDR43;SYNE2;SMC2;SYNE1;FXR1;WRN;IFI16;DNAJC21;NRIP1;NUSAP1;UTP20;NBN;ZNF146;PLK4;DDX18;NOP58;PBRM1;PPP1R12A;DIS3;KRR1;MTUS1;WDR75;DNTTIP2;NOC3L;GNL2;ZFX;CKAP5;PUM3;GNL3;SETX;RSL1D1;DIAPH2;NCL;TTC3;TOP1;KIF20B;EIF3A"
"4","nucleolus (GO:0005730)","45/733",3.71702742507046e-09,2.30455700354368e-07,0,0,2.9208399922848,56.6945019139043,"TOP2A;TOP2B;GTF3C3;DHX9;WDR3;HEATR1;TWF1;NOL8;DDX21;SDAD1;MKI67;WDR43;SMC2;SYNE1;FXR1;WRN;IFI16;DNAJC21;NRIP1;NUSAP1;UTP20;NBN;ZNF146;PLK4;DDX18;NOP58;PPP1R12A;DIS3;KRR1;MTUS1;WDR75;DNTTIP2;NOC3L;GNL2;ZFX;CKAP5;PUM3;GNL3;RSL1D1;DIAPH2;NCL;TTC3;TOP1;KIF20B;EIF3A"
"5","intracellular membrane-bounded organelle (GO:0043231)","176/5192",1.1792436078469e-08,5.84904829492062e-07,0,0,1.75040694519805,31.955092275498,"LTV1;ZNF175;EHF;SLC4A1AP;ZNF292;AQP9;GOLIM4;ARID4A;SMC5;SMC6;MKI67;SMC4;SMC2;IPO5;DOCK10;GOLGA5;CHEK1;CWC22;ZNF845;PSMD1;MTREX;NBN;ZNF841;RECQL;MTUS1;DDX10;ARMC8;KNL1;ZNF91;DMTF1;XRN1;NCL;PSME4;AKAP9;PKP2;SRFBP1;ZNF799;PHIP;KIF20A;KIF20B;CLOCK;ZNF675;BLZF1;ZNF28;DHX9;COPB1;DDX1;MYCBP2;TSHZ2;NCAPG;IQGAP1;BRCC3;HIF1A;SAMSN1;FXR1;SBNO1;HSPH1;MIER3;ZNF429;TPR;UBR5;DHX36;HLTF;ECT2;ZNF146;ZNF267;PLK4;OSBPL8;ZNF260;TIPARP;LARP7;NR1D2;DNAJC13;HOOK3;EIF2S2;SRPK1;SETX;FAM111B;TPX2;DIAPH2;FER;KIF18A;EIF5;STAG2;GOLGB1;FAT1;CDK1;ZNF654;BRWD3;GAPT;ARHGAP11A;TOP2A;TOP2B;SMG1;DDX3X;MCM8;PYROXD1;LRRK2;USP34;FMN1;IDE;KIF11;PIK3C2A;CHD2;CHD1;SYNE2;SYNE1;UFL1;NIPBL;RSRC1;RIOK2;SPDL1;TOPBP1;POLK;DNM1L;CEP290;ADAMTS9;DLGAP5;UPF2;EIF5B;USP47;HSP90AA1;RFC1;DST;ATRX;KIF23;IRAK3;GNL2;GNL3;ASPM;SLTM;TFEC;DSG2;TOP1;NSRP1;DLD;SLU7;BIRC3;USP15;USP16;SAMD9;ZNF518A;RNF6;HSPA13;IWS1;ECPAS;WRN;BCLAF1;BTAF1;CAND1;IFI16;POLR2B;NRIP1;RBBP8;ASCC3;MAPK6;SF3B1;RANBP2;CENPU;ERCC6L2;ATAD2;CDC5L;ATP2B1;PTPN13;RANBP6;LRPPRC;U2SURP;ZNF33B;ZNF33A;CENPE;CENPF;TTC3;RLIM;TRIP12;NAA15;FRK"
"6","nucleus (GO:0005634)","155/4484",4.37085806825859e-08,1.80662133488022e-06,0,0,1.74480693711463,29.5670122528304,"LTV1;ZNF175;EHF;ZNF292;ARID4A;SMC5;SMC6;MKI67;SMC4;SMC2;IPO5;DOCK10;CHEK1;CWC22;ZNF845;PSMD1;MTREX;NBN;ZNF841;RECQL;MTUS1;DDX10;ARMC8;KNL1;ZNF91;DMTF1;XRN1;NCL;PSME4;PKP2;SRFBP1;ZNF799;PHIP;KIF20A;KIF20B;CLOCK;ZNF675;BLZF1;ZNF28;DHX9;DDX1;MYCBP2;TSHZ2;NCAPG;IQGAP1;BRCC3;HIF1A;SAMSN1;FXR1;SBNO1;HSPH1;MIER3;ZNF429;TPR;UBR5;DHX36;HLTF;ECT2;ZNF146;ZNF267;PLK4;ZNF260;TIPARP;LARP7;NR1D2;EIF2S2;SRPK1;SETX;FAM111B;TPX2;FER;KIF18A;EIF5;STAG2;FAT1;CDK1;ZNF654;BRWD3;ARHGAP11A;TOP2A;TOP2B;SMG1;DDX3X;MCM8;PYROXD1;USP34;FMN1;IDE;KIF11;CHD2;CHD1;SYNE2;SYNE1;UFL1;NIPBL;RSRC1;RIOK2;SPDL1;TOPBP1;POLK;CEP290;DLGAP5;UPF2;EIF5B;USP47;HSP90AA1;RFC1;DST;ATRX;KIF23;IRAK3;GNL2;GNL3;ASPM;SLTM;TFEC;TOP1;NSRP1;DLD;SLU7;BIRC3;USP15;USP16;ZNF518A;RNF6;IWS1;ECPAS;WRN;BCLAF1;CAND1;IFI16;POLR2B;NRIP1;RBBP8;ASCC3;MAPK6;SF3B1;RANBP2;CENPU;ERCC6L2;ATAD2;CDC5L;PTPN13;RANBP6;LRPPRC;U2SURP;ZNF33B;ZNF33A;CENPE;CENPF;TTC3;RLIM;TRIP12;NAA15;FRK"
"7","condensed chromosome (GO:0000793)","10/54",4.17354560069778e-07,1.47862758424721e-05,0,0,9.69216232345335,142.371367995898,"CENPE;RAD50;CHEK1;NCAPG;SMC5;SMC6;MKI67;LRPPRC;SMC2;TTN"
"8","microtubule cytoskeleton (GO:0015630)","23/331",3.6312034824054e-06,0.000112567307954567,0,0,3.23340792090792,40.501494393223,"DST;CLTC;MTUS1;CKAP2;KIF23;IQGAP1;KIF11;KLHL4;CKAP5;LRPPRC;TPX2;CENPE;CENPF;FER;KIF18A;MAP7D3;MAP1B;KIF5B;KIF21A;KIF20A;KIF20B;DNM1L;CCT5"
"9","microtubule (GO:0005874)","16/182",6.09907545698366e-06,0.000168063412592439,0,0,4.13902171880426,49.6987791340111,"BOD1L1;KIF23;IQGAP1;KIF11;LRPPRC;TPX2;CENPE;KIF18A;KIF5B;MAP1B;CDK1;KIF21A;KIF20A;KIF20B;DNM1L;CCT5"
"10","polymeric cytoskeletal fiber (GO:0099513)","19/256",1.00605916424129e-05,0.000249502672731839,0,0,3.45298372513562,39.7330851943538,"DST;TWF1;MYO5A;KIF23;IQGAP1;KIF11;LRPPRC;PNN;CENPE;KIF18A;MAP1B;KIF5B;PKP2;KIF21A;KIF20A;KIF20B;DNM1L;CCT5;PLS1"
"11","cytoskeleton (GO:0005856)","32/600",1.37668890949371e-05,0.000310380772322217,0,0,2.45620851546058,27.4929416945641,"ZNF175;ROCK1;ROCK2;DHX9;TWF1;NEXN;IQGAP1;IQGAP2;SYNE2;ARHGAP21;CALD1;STK38L;TOPBP1;PPP1R12A;DST;CEP295;MTUS1;CKAP2;MYO5A;KLHL4;SELE;CKAP5;LRPPRC;PJA2;CENPE;ANLN;TPX2;FER;KIF18A;MAP7D3;AKAP9;UTRN"
"12","Golgi stack (GO:0005795)","6/31",7.03663494747585e-05,0.00145423788914501,0,0,10.1560086767896,97.1096770429019,"NSF;GOLGA5;GOLGB1;USO1;AKAP9;RAB27B"
"13","preribosome, small subunit precursor (GO:0030688)","4/11",8.50094104828015e-05,0.00162171798459498,0,0,24.0987349583462,225.871384247171,"LTV1;RIOK2;UTP20;RIOK1"
"14","mitotic spindle (GO:0072686)","11/120",0.000117950606556364,0.00208941074471273,0,0,4.29872847255754,38.8830505446926,"TPX2;KIF18A;CEP295;TPR;CLTC;NUSAP1;CDK1;CEP170;KIF23;KIF11;ECT2"
"15","nuclear chromosome (GO:0000228)","9/83",0.000135972091402568,0.00224807191118912,0,0,5.1673256225658,46.0050147262396,"TOP2A;SETX;PBRM1;RAD50;CHEK1;TOP1;LRPPRC;SMC2;TTN"
"16","90S preribosome (GO:0030686)","4/13",0.000177465656321094,0.00275071767297696,0,0,18.7415406767459,161.865691328943,"RSL1D1;HEATR1;SRFBP1;UTP20"
"17","spindle microtubule (GO:0005876)","7/61",0.000531515036487356,0.00775386641463908,0,0,5.48925120772947,41.387741365569,"CENPE;KIF18A;CEP295;CLTC;BOD1L1;CDK1;KIF11"
"18","condensed nuclear chromosome (GO:0000794)","4/20",0.00105631200398331,0.0145536320548812,0,0,10.5383369330454,72.2189245461277,"RAD50;CHEK1;LRPPRC;TTN"
"19","small-subunit processome (GO:0032040)","5/37",0.00159876848247337,0.0200364989281213,0,0,6.59530573593074,42.464018733284,"NOP58;KRR1;WDR3;HEATR1;UTP20"
"20","intracellular organelle lumen (GO:0070013)","34/848",0.00161584668775172,0.0200364989281213,0,0,1.80571522603855,11.60695003039,"ALAS2;DDX3X;ACSM3;TNFAIP6;LRRK2;GOLIM4;HP;ALDH1L2;SYNE2;HSPD1;HSPH1;CAND1;PDGFD;SPP1;HSPA9;HSP90AA1;AGL;IDH1;ARMC8;MMP8;CP;KTN1;DNAJC3;ACE2;VCAN;SUCLA2;MTHFD2;DNAJC10;CDK1;CALU;SPARCL1;ABCE1;DLD;FBN1"
"21","nuclear inclusion body (GO:0042405)","3/11",0.0018149247800112,0.0214333974020371,0,0,15.7799030172414,99.5981914868951,"RANBP2;TPR;NBN"
"22","spindle (GO:0005819)","12/192",0.00191338323533842,0.0215690473801786,0,0,2.8356043956044,17.7477140947332,"TPX2;CENPF;BOD1L1;TPR;CLTC;NUSAP1;CDK1;CEP170;KIF23;KIF20A;KIF11;ECT2"
"23","sex chromosome (GO:0000803)","2/6",0.00766814018589269,0.0794980695433739,0,0,20.9989247311828,102.279067321024,"SMC5;SMC6"
"24","secretory granule lumen (GO:0034774)","15/316",0.00769336156871361,0.0794980695433739,0,0,2.12036574251022,10.3206628206866,"HSP90AA1;DDX3X;ROCK1;AGL;IDH1;HP;F13A1;ARMC8;IGF1;MMP8;DNAJC3;CAND1;PSMD1;CEP290;FRK"
"25","tertiary granule lumen (GO:1904724)","5/55",0.00906491969309871,0.0899240033555392,0,0,4.21709956709957,19.8344669682969,"TNFAIP6;IDH1;HP;ARMC8;MMP8"
"26","cis-Golgi network (GO:0005801)","5/57",0.010506647473293,0.0936225416317492,0,0,4.05448717948718,18.471218329311,"GOLGA5;GOLGB1;AKAP9;GOLIM4;HOOK3"
"27","kinetochore microtubule (GO:0005828)","2/7",0.0105702869584233,0.0936225416317492,0,0,16.7982795698925,76.4272725070193,"CENPE;KIF18A"
"28","Smc5-Smc6 complex (GO:0030915)","2/7",0.0105702869584233,0.0936225416317492,0,0,16.7982795698925,76.4272725070193,"SMC5;SMC6"
"29","filopodium (GO:0030175)","5/58",0.011283139121028,0.0964902931729292,0,0,3.97778322306624,17.8381531914441,"FXR1;TWF1;UTRN;IQGAP2;SYNE2"
"30","endocytic vesicle lumen (GO:0071682)","3/21",0.0123058482285067,0.101223239341667,0,0,7.00969827586207,30.8264145673182,"HSP90AA1;HSPH1;HP"
"31","endocytic vesicle (GO:0030139)","10/189",0.0136048391724611,0.101223239341667,0,0,2.36592789995477,10.1671722988396,"DPP4;ACE2;CD163;HSP90AA1;HSPH1;CLTC;GOLIM4;HP;RAPGEF6;ECPAS"
"32","coated vesicle (GO:0030135)","6/84",0.0138031685736509,0.101223239341667,0,0,3.24628733522443,13.9033847830442,"CLTC;FCHO2;VPS41;PIK3C2A;ECPAS;HSPD1"
"33","intermediate filament cytoskeleton (GO:0045111)","6/84",0.0138031685736509,0.101223239341667,0,0,3.24628733522443,13.9033847830442,"PNN;ZNF175;DST;PKP2;SYNE2;PJA2"
"34","SUMO ligase complex (GO:0106068)","2/8",0.013877379587164,0.101223239341667,0,0,13.9978494623656,59.8757329376123,"SMC5;SMC6"
"35","specific granule lumen (GO:0035580)","5/62",0.0147790154792494,0.10471988111011,0,0,3.69788106630212,15.5848934706532,"HP;ARMC8;MMP8;CEP290;FRK"
"36","actin cytoskeleton (GO:0015629)","14/316",0.0170414839565816,0.117396889478673,0,0,1.96799847959885,8.01389580861424,"PPP1R12A;DHX9;TWF1;MYO5A;NEXN;IQGAP1;IQGAP2;ANLN;ARHGAP21;FER;CALD1;STK38L;TOPBP1;PLS1"
"37","cytoplasmic stress granule (GO:0010494)","5/65",0.0178315709820427,0.119519719014773,0,0,3.51244588744589,14.1438635069084,"DDX3X;ROCK1;DDX1;DHX36;EIF2S1"
"38","nuclear membrane (GO:0031965)","10/204",0.0219521314991849,0.143266542415733,0,0,2.18130343567416,8.33016013980311,"RANBP2;PCM1;GTF3C3;WDR3;RB1CC1;TPR;TXLNG;RNF6;SYNE2;SYNE1"
"39","mitochondrial outer membrane (GO:0005741)","7/126",0.028527411112715,0.181405075793675,0,0,2.48260869565217,8.83036569716895,"SPART;OPA1;ACSL1;LRRK2;VPS13C;ACSL4;DNM1L"
"40","filopodium membrane (GO:0031527)","2/12",0.0307577904718921,0.190698300925731,0,0,8.39698924731183,29.2350582597632,"UTRN;SYNE2"
"41","COPI vesicle coat (GO:0030126)","2/13",0.035797690296577,0.211376837941693,0,0,7.63323558162268,25.417696703768,"COPB2;COPB1"
"42","mitotic spindle microtubule (GO:1990498)","2/13",0.035797690296577,0.211376837941693,0,0,7.63323558162268,25.417696703768,"CEP295;CLTC"
"43","clathrin-coated vesicle (GO:0030136)","5/80",0.0392317901303763,0.226267068658915,0,0,2.80779220779221,9.09238334304281,"CLTC;FCHO2;VPS41;RAB27B;PIK3C2A"
"44","prespliceosome (GO:0071010)","2/15",0.0467400279676885,0.257589487466372,0,0,6.45822994210091,19.7825551501617,"PRPF40A;SF3B1"
"45","U2-type prespliceosome (GO:0071004)","2/15",0.0467400279676885,0.257589487466372,0,0,6.45822994210091,19.7825551501617,"PRPF40A;SF3B1"
"46","organelle outer membrane (GO:0031968)","7/142",0.0492613884695366,0.265583137835762,0,0,2.18657004830918,6.58291993031513,"SPART;OPA1;ACSL1;LRRK2;VPS13C;ACSL4;DNM1L"
"47","axon (GO:0030424)","9/204",0.0506846620080014,0.267442471872007,0,0,1.94874034262681,5.81140081588661,"FXR1;SETX;EPHA4;MAP1B;LRRK2;DHX36;NEXN;RNF6;IQGAP1"
"48","cytoplasmic vesicle lumen (GO:0060205)","6/115",0.0528632943842116,0.273127020985093,0,0,2.31932973790523,6.8189362320918,"HSP90AA1;DDX3X;CAND1;ROCK1;IDH1;AGL"
"49","cell-cell junction (GO:0005911)","11/271",0.0542421405646988,0.274531650205006,0,0,1.78814946018893,5.21119891394112,"PNN;AHI1;FAT1;PKP2;TWF1;FRS2;DSG2;FRMD4B;STEAP1;ECT2;CLDN1"
"50","COPI-coated vesicle membrane (GO:0030663)","2/17",0.0587262959546031,0.285571007779246,0,0,5.59655913978495,15.8655046273171,"COPB2;COPB1"
"51","desmosome (GO:0030057)","2/17",0.0587262959546031,0.285571007779246,0,0,5.59655913978495,15.8655046273171,"PKP2;DSG2"
"52","ficolin-1-rich granule lumen (GO:1904813)","6/123",0.06865049742219,0.327410064628906,0,0,2.15985316202236,5.78565676736942,"HSP90AA1;DDX3X;CAND1;TNFAIP6;IDH1;AGL"
"53","focal adhesion (GO:0005925)","14/387",0.0713480402080523,0.330695400720646,0,0,1.58751013499518,4.19132108511262,"HSPA9;PPP1R12A;DST;ITGA2;CLTC;TWF1;NEXN;KIF23;IQGAP1;SYNE2;DPP4;FAP;FAT1;ITGB6"
"54","endoplasmic reticulum lumen (GO:0005788)","11/285",0.0720062566085278,0.330695400720646,0,0,1.69555160711999,4.46100012113217,"DNAJC3;ACE2;VCAN;PDGFD;DNAJC10;CALU;SPP1;SPARCL1;CP;KTN1;FBN1"
"55","cell-substrate junction (GO:0030055)","14/394",0.079848993472443,0.360046370566652,0,0,1.55769722319043,3.9372635548865,"HSPA9;PPP1R12A;DST;ITGA2;CLTC;TWF1;NEXN;KIF23;IQGAP1;SYNE2;DPP4;FAP;FAT1;ITGB6"
"56","specific granule (GO:0042581)","7/160",0.0817848217907738,0.362189925073427,0,0,1.92753623188406,4.82590231160834,"HP;MOSPD2;ARMC8;MMP8;ATP6V1D;CEP290;FRK"
"57","actin filament (GO:0005884)","4/72",0.0877314705760069,0.38170885443596,0,0,2.47300215982721,6.01798794282443,"TWF1;MYO5A;IQGAP1;PLS1"
"58","lysosome (GO:0005764)","16/477",0.0949870836974175,0.389233910493961,0,0,1.46770493143701,3.45499848147709,"NSF;HSP90AA1;MIOS;LRRK2;CLTC;MYO5A;AP3B1;DNAJC13;CP;DPP4;VCAN;SNX2;RB1CC1;VPS41;ATP6V1D;ATP6V1C1"
"59","Golgi-associated vesicle (GO:0005798)","3/47",0.0966861823109678,0.389233910493961,0,0,2.86378330721003,6.69061335119077,"COPB1;LRRK2;RAB27B"
"60","multivesicular body (GO:0005771)","3/47",0.0966861823109678,0.389233910493961,0,0,2.86378330721003,6.69061335119077,"LRRK2;RAB27B;ECPAS"
"61","pigment granule (GO:0048770)","2/24",0.107255105842383,0.389233910493961,0,0,3.81446725317693,8.51597023387696,"MYO5A;RAB27B"
"62","intermediate filament (GO:0005882)","3/50",0.111205145861846,0.389233910493961,0,0,2.68057593543654,5.8875596805816,"PNN;DST;PKP2"
"63","apicolateral plasma membrane (GO:0016327)","1/5",0.111433901794642,0.389233910493961,0,0,10.4769313304721,22.9897784375864,"MPDZ"
"64","bleb (GO:0032059)","1/5",0.111433901794642,0.389233910493961,0,0,10.4769313304721,22.9897784375864,"ANLN"
"65","deuterosome (GO:0098536)","1/5",0.111433901794642,0.389233910493961,0,0,10.4769313304721,22.9897784375864,"PLK4"
"66","filtration diaphragm (GO:0036056)","1/5",0.111433901794642,0.389233910493961,0,0,10.4769313304721,22.9897784375864,"IQGAP1"
"67","intrinsic component of presynaptic membrane (GO:0098889)","1/5",0.111433901794642,0.389233910493961,0,0,10.4769313304721,22.9897784375864,"ATP2B1"
"68","NatA complex (GO:0031415)","1/5",0.111433901794642,0.389233910493961,0,0,10.4769313304721,22.9897784375864,"NAA15"
"69","oxoglutarate dehydrogenase complex (GO:0045252)","1/5",0.111433901794642,0.389233910493961,0,0,10.4769313304721,22.9897784375864,"DLD"
"70","slit diaphragm (GO:0036057)","1/5",0.111433901794642,0.389233910493961,0,0,10.4769313304721,22.9897784375864,"IQGAP1"
"71","spermatoproteasome complex (GO:1990111)","1/5",0.111433901794642,0.389233910493961,0,0,10.4769313304721,22.9897784375864,"PSME4"
"72","basement membrane (GO:0005604)","3/52",0.121318646402529,0.404720926603551,0,0,2.57090077410274,5.42289035054602,"DST;LAMA2;FBN1"
"73","actin-based cell projection (GO:0098858)","4/83",0.129268003343942,0.404720926603551,0,0,2.12745714520054,4.35249539788713,"LRRK2;TWF1;UTRN;IQGAP2"
"74","box C/D RNP complex (GO:0031428)","1/6",0.132187076834224,0.404720926603551,0,0,8.38111587982833,16.9594990144304,"NOP58"
"75","membrane attack complex (GO:0005579)","1/6",0.132187076834224,0.404720926603551,0,0,8.38111587982833,16.9594990144304,"C5"
"76","nuclear stress granule (GO:0097165)","1/6",0.132187076834224,0.404720926603551,0,0,8.38111587982833,16.9594990144304,"DHX9"
"77","platelet dense granule membrane (GO:0031088)","1/6",0.132187076834224,0.404720926603551,0,0,8.38111587982833,16.9594990144304,"RAB27B"
"78","signal recognition particle, endoplasmic reticulum targeting (GO:0005786)","1/6",0.132187076834224,0.404720926603551,0,0,8.38111587982833,16.9594990144304,"SRP72"
"79","THO complex part of transcription export complex (GO:0000445)","1/6",0.132187076834224,0.404720926603551,0,0,8.38111587982833,16.9594990144304,"THOC2"
"80","TORC1 complex (GO:0031931)","1/6",0.132187076834224,0.404720926603551,0,0,8.38111587982833,16.9594990144304,"SMG1"
"81","transcription factor TFIIIC complex (GO:0000127)","1/6",0.132187076834224,0.404720926603551,0,0,8.38111587982833,16.9594990144304,"GTF3C3"
"82","melanosome (GO:0042470)","2/28",0.138403237183811,0.418585400263233,0,0,3.22696443341605,6.38159273519069,"MYO5A;RAB27B"
"83","ficolin-1-rich granule (GO:0101002)","7/184",0.140422153801897,0.418812674409076,0,0,1.66411201179071,3.26682163392389,"HSP90AA1;DDX3X;CAND1;TNFAIP6;COPB1;IDH1;AGL"
"84","astral microtubule (GO:0000235)","1/7",0.152456559856121,0.418812674409076,0,0,6.98390557939914,13.1358574357764,"KIF18A"
"85","Cdc73/Paf1 complex (GO:0016593)","1/7",0.152456559856121,0.418812674409076,0,0,6.98390557939914,13.1358574357764,"CTR9"
"86","hemidesmosome (GO:0030056)","1/7",0.152456559856121,0.418812674409076,0,0,6.98390557939914,13.1358574357764,"DST"
"87","integral component of presynaptic membrane (GO:0099056)","1/7",0.152456559856121,0.418812674409076,0,0,6.98390557939914,13.1358574357764,"ATP2B1"
"88","NSL complex (GO:0044545)","1/7",0.152456559856121,0.418812674409076,0,0,6.98390557939914,13.1358574357764,"PHF20L1"
"89","PTW/PP1 phosphatase complex (GO:0072357)","1/7",0.152456559856121,0.418812674409076,0,0,6.98390557939914,13.1358574357764,"PPP1R12A"
"90","U2-type catalytic step 2 spliceosome (GO:0071007)","2/30",0.154632770516407,0.418812674409076,0,0,2.99615975422427,5.59293799153724,"CWC22;CDC5L"
"91","U2-type spliceosomal complex (GO:0005684)","4/89",0.154789792337199,0.418812674409076,0,0,1.97667386609071,3.68785525106741,"CWC22;CDC5L;PRPF40A;SF3B1"
"92","intercalated disc (GO:0014704)","2/31",0.162879166400754,0.418812674409076,0,0,2.89269558769003,5.24950966630084,"PKP2;DSG2"
"93","caveola (GO:0005901)","3/60",0.164780239830967,0.418812674409076,0,0,2.20916515426497,3.98343973963501,"KIF18A;LRRK2;SELE"
"94","non-motile cilium (GO:0097730)","2/32",0.171202015270164,0.418812674409076,0,0,2.79612903225806,4.93491900921819,"AHI1;PCM1"
"95","chromatoid body (GO:0033391)","1/8",0.172253599958572,0.418812674409076,0,0,5.98589822194972,10.5279227876193,"CLOCK"
"96","death-inducing signaling complex (GO:0031264)","1/8",0.172253599958572,0.418812674409076,0,0,5.98589822194972,10.5279227876193,"CFLAR"
"97","extrinsic component of endosome membrane (GO:0031313)","1/8",0.172253599958572,0.418812674409076,0,0,5.98589822194972,10.5279227876193,"USP8"
"98","integral component of synaptic membrane (GO:0099699)","1/8",0.172253599958572,0.418812674409076,0,0,5.98589822194972,10.5279227876193,"ATP2B1"
"99","protein serine/threonine phosphatase complex (GO:0008287)","1/8",0.172253599958572,0.418812674409076,0,0,5.98589822194972,10.5279227876193,"PPP1R12A"
"100","proton-transporting V-type ATPase, V1 domain (GO:0033180)","1/8",0.172253599958572,0.418812674409076,0,0,5.98589822194972,10.5279227876193,"ATP6V1C1"
"101","RISC-loading complex (GO:0070578)","1/8",0.172253599958572,0.418812674409076,0,0,5.98589822194972,10.5279227876193,"DHX9"
"102","vacuolar proton-transporting V-type ATPase, V1 domain (GO:0000221)","1/8",0.172253599958572,0.418812674409076,0,0,5.98589822194972,10.5279227876193,"ATP6V1C1"
"103","lytic vacuole membrane (GO:0098852)","9/267",0.174218653645128,0.419477923339724,0,0,1.46808672692191,2.56539954580167,"NSF;DPP4;MIOS;VPS41;AP3B1;DNAJC13;CP;ATP6V1D;ATP6V1C1"
"104","peroxisome (GO:0005777)","5/128",0.180278914475229,0.427181922885416,0,0,1.70784500052793,2.92596562221624,"PNPLA8;IDH1;MYO5A;IDE;DNM1L"
"105","membrane raft (GO:0045121)","6/163",0.182490146664319,0.427181922885416,0,0,1.60625613109137,2.73233660598926,"ACE2;LDHB;LRRK2;SULF1;SELE;TLR2"
"106","tertiary granule (GO:0070820)","6/164",0.185988445236618,0.427181922885416,0,0,1.59600757846179,2.68459763192224,"TNFAIP6;COPB1;IDH1;HP;ARMC8;MMP8"
"107","insulin-responsive compartment (GO:0032593)","1/9",0.191589185416195,0.427181922885416,0,0,5.23739270386266,8.65427743800959,"MYO5A"
"108","multivesicular body membrane (GO:0032585)","1/9",0.191589185416195,0.427181922885416,0,0,5.23739270386266,8.65427743800959,"RAB27B"
"109","platelet dense tubular network membrane (GO:0031095)","1/9",0.191589185416195,0.427181922885416,0,0,5.23739270386266,8.65427743800959,"ITPR2"
"110","TORC2 complex (GO:0031932)","1/9",0.191589185416195,0.427181922885416,0,0,5.23739270386266,8.65427743800959,"SMG1"
"111","mitochondrial matrix (GO:0005759)","11/348",0.192795734070998,0.427181922885416,0,0,1.37406944661357,2.26188872566828,"HSPA9;ALAS2;SUCLA2;ACSM3;MTHFD2;LRRK2;CDK1;ABCE1;DLD;ALDH1L2;HSPD1"
"112","secretory granule membrane (GO:0030667)","9/274",0.192920868399865,0.427181922885416,0,0,1.42878800362528,2.3510352009398,"COPB1;MOSPD2;ITPR2;RAB27B;DNAJC13;IQGAP1;IQGAP2;ATP6V1D;TLR2"
"113","vesicle coat (GO:0030120)","2/36",0.205102017267527,0.445607637721395,0,0,2.46666666666667,3.9078111867708,"COPB2;COPB1"
"114","apical dendrite (GO:0097440)","1/10",0.210474049573235,0.445607637721395,0,0,4.6552217453505,7.25466457824316,"MAP1B"
"115","autolysosome (GO:0044754)","1/10",0.210474049573235,0.445607637721395,0,0,4.6552217453505,7.25466457824316,"LRRK2"
"116","condensed chromosome, centromeric region (GO:0000779)","1/10",0.210474049573235,0.445607637721395,0,0,4.6552217453505,7.25466457824316,"CENPE"
"117","ISWI-type complex (GO:0031010)","1/10",0.210474049573235,0.445607637721395,0,0,4.6552217453505,7.25466457824316,"BAZ1A"
"118","late endosome membrane (GO:0031902)","3/68",0.212022988915825,0.445607637721395,0,0,1.93647214854111,3.00358559819804,"VPS41;RAB27B;ATP13A3"
"119","cell cortex region (GO:0099738)","1/11",0.228918676760338,0.46534288390626,0,0,4.18948497854077,6.17692831331372,"ANLN"
"120","dendrite cytoplasm (GO:0032839)","1/11",0.228918676760338,0.46534288390626,0,0,4.18948497854077,6.17692831331372,"LRRK2"
"121","microfibril (GO:0001527)","1/11",0.228918676760338,0.46534288390626,0,0,4.18948497854077,6.17692831331372,"FBN1"
"122","platelet dense tubular network (GO:0031094)","1/11",0.228918676760338,0.46534288390626,0,0,4.18948497854077,6.17692831331372,"ITPR2"
"123","lysosomal membrane (GO:0005765)","10/330",0.244419018563988,0.489915682931707,0,0,1.31379923413567,1.85097395262276,"NSF;DPP4;MIOS;CLTC;VPS41;AP3B1;DNAJC13;CP;ATP6V1D;ATP6V1C1"
"124","neuron projection cytoplasm (GO:0120111)","1/12",0.246933307929288,0.489915682931707,0,0,3.80842762387827,5.32660773781678,"LRRK2"
"125","U2-type catalytic step 1 spliceosome (GO:0071006)","1/12",0.246933307929288,0.489915682931707,0,0,3.80842762387827,5.32660773781678,"CWC22"
"126","integral component of synaptic vesicle membrane (GO:0030285)","1/13",0.264527946435705,0.506918016807369,0,0,3.49087982832618,4.64220123414202,"ATP2B1"
"127","MIB complex (GO:0140275)","1/13",0.264527946435705,0.506918016807369,0,0,3.49087982832618,4.64220123414202,"HSPA9"
"128","RISC complex (GO:0016442)","1/13",0.264527946435705,0.506918016807369,0,0,3.49087982832618,4.64220123414202,"DHX9"
"129","SAM complex (GO:0001401)","1/13",0.264527946435705,0.506918016807369,0,0,3.49087982832618,4.64220123414202,"HSPA9"
"130","cornified envelope (GO:0001533)","2/43",0.265723153971605,0.506918016807369,0,0,2.04479412536061,2.7099662406344,"PKP2;DSG2"
"131","bicellular tight junction (GO:0005923)","3/78",0.274397184626843,0.5093623632431,0,0,1.67741379310345,2.16919569320027,"FRMD4B;ECT2;CLDN1"
"132","collagen-containing extracellular matrix (GO:0062023)","11/380",0.276182798685856,0.5093623632431,0,0,1.25281700185423,1.61199001267053,"POSTN;VCAN;ANGPT2;DST;LAMA2;F13A1;SULF1;MMP8;ADAMTS9;ANGPTL1;FBN1"
"133","cytoplasmic vesicle membrane (GO:0030659)","11/380",0.276182798685856,0.5093623632431,0,0,1.25281700185423,1.61199001267053,"ACE2;CD163;SNX2;COPB1;MRC1;VPS41;ITPR2;DNAJC13;IQGAP1;IQGAP2;TLR2"
"134","vesicle (GO:0031982)","7/226",0.277369053703907,0.5093623632431,0,0,1.3420488385944,1.7210519334455,"EPS8;DNAJC3;KIF5B;SLC6A14;CLTC;MYO5A;PIK3C2A"
"135","axonal growth cone (GO:0044295)","1/14",0.28171236334221,0.5093623632431,0,0,3.22218553978211,4.08208605986299,"HSP90AA1"
"136","pericentric heterochromatin (GO:0005721)","1/14",0.28171236334221,0.5093623632431,0,0,3.22218553978211,4.08208605986299,"ATRX"
"137","sarcoplasmic reticulum (GO:0016529)","2/45",0.283119150998181,0.5093623632431,0,0,1.94948737184296,2.46003363225077,"ITPR2;SYNE2"
"138","early endosome (GO:0005769)","8/266",0.283435508578822,0.5093623632431,0,0,1.30212291635,1.64167837471512,"EEA1;EPHA4;USP8;MYO5A;DNAJC13;ATP13A3;ECPAS;HSPD1"
"139","clathrin coat (GO:0030118)","1/15",0.298496102911935,0.517488054362374,0,0,2.99187614960147,3.61717348327,"CLTC"
"140","germ plasm (GO:0060293)","1/15",0.298496102911935,0.517488054362374,0,0,2.99187614960147,3.61717348327,"DDX3X"
"141","proton-transporting V-type ATPase complex (GO:0033176)","1/15",0.298496102911935,0.517488054362374,0,0,2.99187614960147,3.61717348327,"ATP6V1D"
"142","RNA polymerase II, core complex (GO:0005665)","1/15",0.298496102911935,0.517488054362374,0,0,2.99187614960147,3.61717348327,"POLR2B"
"143","trans-Golgi network transport vesicle (GO:0030140)","1/15",0.298496102911935,0.517488054362374,0,0,2.99187614960147,3.61717348327,"RAB27B"
"144","cell-cell contact zone (GO:0044291)","2/47",0.300476934791056,0.517488054362374,0,0,1.8626523297491,2.23962388795015,"PKP2;DSG2"
"145","cation-transporting ATPase complex (GO:0090533)","1/16",0.314888487862343,0.531136782922007,0,0,2.79227467811159,3.22657589389447,"ABCC9"
"146","secondary lysosome (GO:0005767)","1/16",0.314888487862343,0.531136782922007,0,0,2.79227467811159,3.22657589389447,"LRRK2"
"147","microbody lumen (GO:0031907)","2/49",0.317763033974117,0.531136782922007,0,0,1.78320750400366,2.0443570841757,"IDH1;IDE"
"148","peroxisomal matrix (GO:0005782)","2/49",0.317763033974117,0.531136782922007,0,0,1.78320750400366,2.0443570841757,"IDH1;IDE"
"149","tight junction (GO:0070160)","3/85",0.319110405868464,0.531136782922007,0,0,1.53366799831791,1.75178340254979,"FRMD4B;ECT2;CLDN1"
"150","vacuolar lumen (GO:0005775)","5/161",0.323488953116247,0.532497787633367,0,0,1.34428071928072,1.51714219859595,"DNAJC3;HSP90AA1;VCAN;PSMD1;FRK"
"151","trans-Golgi network (GO:0005802)","7/239",0.325453477976282,0.532497787633367,0,0,1.26599512743628,1.42112479285101,"GOLGA4;POSTN;CLTC;GCC2;FAM91A1;PIK3C2A;ECPAS"
"152","U2-type precatalytic spliceosome (GO:0071005)","2/50",0.32636961177529,0.532497787633367,0,0,1.74596774193548,1.95500331325956,"CWC22;SF3B1"
"153","endolysosome membrane (GO:0036020)","1/17",0.330898624401816,0.532875706828898,0,0,2.61762339055794,2.89494284445493,"CLTC"
"154","intrinsic component of synaptic vesicle membrane (GO:0098563)","1/17",0.330898624401816,0.532875706828898,0,0,2.61762339055794,2.89494284445493,"ATP2B1"
"155","spliceosomal snRNP complex (GO:0097525)","2/51",0.334947135622015,0.535915416995224,0,0,1.7102479701558,1.8706394093988,"PRPF40A;SF3B1"
"156","bounding membrane of organelle (GO:0098588)","20/767",0.337956215481049,0.537263727175001,0,0,1.12521675067159,1.22067893793998,"COPB2;CD163;COPB1;GALNT1;USO1;GOLIM4;ITPR2;DNAJC13;IQGAP1;IQGAP2;ACE2;GOLGA5;SNX2;PDGFD;GOLGB1;MRC1;VPS41;TRIP11;BLZF1;TLR2"
"157","precatalytic spliceosome (GO:0071011)","2/52",0.343492273955092,0.540508056765328,0,0,1.67595698924731,1.79091198476458,"CWC22;SF3B1"
"158","GABA-ergic synapse (GO:0098982)","1/18",0.346535407361642,0.540508056765328,0,0,2.46351931330472,2.610764552015,"ATP2B1"
"159","U1 snRNP (GO:0005685)","1/18",0.346535407361642,0.540508056765328,0,0,2.46351931330472,2.610764552015,"PRPF40A"
"160","azurophil granule lumen (GO:0035578)","3/90",0.351134229546796,0.544258055797533,0,0,1.44515457788347,1.51247957259257,"DNAJC3;PSMD1;FRK"
"161","cytoplasmic dynein complex (GO:0005868)","1/19",0.361807524983188,0.546961617521858,0,0,2.32653791130186,2.36525826655454,"TPR"
"162","P granule (GO:0043186)","1/19",0.361807524983188,0.546961617521858,0,0,2.32653791130186,2.36525826655454,"DDX3X"
"163","supramolecular fiber (GO:0099512)","1/19",0.361807524983188,0.546961617521858,0,0,2.32653791130186,2.36525826655454,"FBN1"
"164","vacuolar proton-transporting V-type ATPase complex (GO:0016471)","1/19",0.361807524983188,0.546961617521858,0,0,2.32653791130186,2.36525826655454,"ATP6V1C1"
"165","cell projection membrane (GO:0031253)","3/92",0.363905914883494,0.546961617521858,0,0,1.41253390158853,1.42787390725254,"ACE2;UTRN;SYNE2"
"166","adherens junction (GO:0005912)","4/132",0.371428381936689,0.55490505253192,0,0,1.30973272138229,1.29715825806703,"AHI1;PKP2;FRS2;FRMD4B"
"167","U2 snRNP (GO:0005686)","1/20",0.37672346379545,0.556949231761326,0,0,2.20397560424667,2.15161769195157,"SF3B1"
"168","extracellular membrane-bounded organelle (GO:0065010)","2/56",0.377288189257673,0.556949231761326,0,0,1.55149342891278,1.51231194531561,"DNAJC3;CLTC"
"169","mitochondrial outer membrane translocase complex (GO:0005742)","1/21",0.391291513202379,0.570825266318765,0,0,2.093669527897,1.96449522390949,"HSPA9"
"170","platelet dense granule (GO:0042827)","1/21",0.391291513202379,0.570825266318765,0,0,2.093669527897,1.96449522390949,"RAB27B"
"171","early endosome membrane (GO:0031901)","3/97",0.395630396442944,0.573779756244737,0,0,1.33705520909758,1.23981766294714,"EPHA4;DNAJC13;ATP13A3"
"172","apical junction complex (GO:0043296)","3/98",0.401928679796226,0.576224976884288,0,0,1.32291288566243,1.20580945662761,"FRMD4B;ECT2;CLDN1"
"173","extracellular vesicle (GO:1903561)","2/59",0.402155946672718,0.576224976884288,0,0,1.46960950764007,1.33868984217472,"DNAJC3;CLTC"
"174","lytic vacuole (GO:0000323)","6/219",0.404286878943008,0.576224976884288,0,0,1.18053221716416,1.06912604894596,"SNX2;LRRK2;RB1CC1;CLTC;VPS41;MYO5A"
"175","ribosome (GO:0005840)","2/62",0.426544020939267,0.604473812531075,0,0,1.39591397849462,1.18937413162514,"DHX9;DNAJC21"
"176","endolysosome (GO:0036019)","1/25",0.446243960532433,0.625245775209284,0,0,1.7443669527897,1.4075113431181,"CLTC"
"177","H4 histone acetyltransferase complex (GO:1902562)","1/25",0.446243960532433,0.625245775209284,0,0,1.7443669527897,1.4075113431181,"PHF20L1"
"178","late endosome (GO:0005770)","5/189",0.452624839453945,0.630623371823474,0,0,1.13806935817805,0.902138095098299,"VPS41;MYO5A;RAB27B;ATP13A3;ECPAS"
"179","synaptic membrane (GO:0097060)","1/26",0.459190320410771,0.636196645038387,0,0,1.67450643776824,1.30325247521557,"AKAP9"
"180","platelet alpha granule lumen (GO:0031093)","2/67",0.465990975200316,0.642032010275991,0,0,1.28820512820513,0.983659280541631,"F13A1;IGF1"
"181","basolateral plasma membrane (GO:0016323)","4/151",0.470681954637348,0.642939505743931,0,0,1.13933089434478,0.858568622470346,"VSIG1;IDE;ATP2B1;CLDN1"
"182","myofibril (GO:0030016)","1/27",0.471834637279821,0.642939505743931,0,0,1.61001980851766,1.20932886494622,"TWF1"
"183","glutamatergic synapse (GO:0098978)","2/69",0.48131561132906,0.649068204832168,0,0,1.24962285347456,0.913764302671138,"AKAP9;ATP2B1"
"184","sarcoplasmic reticulum membrane (GO:0033017)","1/28",0.48418394312077,0.649068204832168,0,0,1.55030996661898,1.12442493068957,"ITPR2"
"185","U12-type spliceosomal complex (GO:0005689)","1/28",0.48418394312077,0.649068204832168,0,0,1.55030996661898,1.12442493068957,"SF3B1"
"186","endosome membrane (GO:0010008)","8/325",0.490013568136601,0.651049014912134,0,0,1.05652804409531,0.753644906859362,"EPHA4;USP8;SNX2;CLTC;MRC1;VPS41;DNAJC13;ATP13A3"
"187","azurophil granule (GO:0042582)","4/155",0.490911958824875,0.651049014912134,0,0,1.10892108763749,0.788986793814282,"DNAJC3;PSMD1;DNAJC13;FRK"
"188","secretory vesicle (GO:0099503)","1/29",0.496245106516051,0.654621204340322,0,0,1.49486511342735,1.04743002235182,"IGF1"
"189","cyclin-dependent protein kinase holoenzyme complex (GO:0000307)","1/30",0.508024836514828,0.659634342699882,0,0,1.44324404321444,0.9774008632002,"CDK1"
"190","exocytic vesicle (GO:0070382)","1/30",0.508024836514828,0.659634342699882,0,0,1.44324404321444,0.9774008632002,"IGF1"
"191","polysomal ribosome (GO:0042788)","1/30",0.508024836514828,0.659634342699882,0,0,1.44324404321444,0.9774008632002,"DHX9"
"192","neuron projection (GO:0043005)","13/556",0.537768411628581,0.693642465663688,0,0,1.00141163871784,0.621202951148996,"EPHA4;LRRK2;MYO5A;NEXN;SLC1A3;RNF6;IQGAP1;SETX;FXR1;OPA1;MAP1B;DHX36;CCDC141"
"193","lipid droplet (GO:0005811)","2/77",0.539810467230209,0.693642465663688,0,0,1.11587096774194,0.687975948226048,"ACSL4;PLIN2"
"194","Golgi membrane (GO:0000139)","11/472",0.545516649078854,0.697361489544101,0,0,0.997983026981771,0.60479962347845,"COPB2;GOLGA5;PDGFD;GOLGB1;COPB1;GALNT1;CLTC;USO1;GOLIM4;TRIP11;BLZF1"
"195","COPII-coated ER to Golgi transport vesicle (GO:0030134)","2/79",0.553705143694164,0.70419936223668,0,0,1.0867755900014,0.642418009615665,"USO1;ECPAS"
"196","P-body (GO:0000932)","2/80",0.560540490015073,0.705655033115422,0,0,1.07278742762614,0.620987079052042,"TOP1;SYNE1"
"197","potassium channel complex (GO:0034705)","2/80",0.560540490015073,0.705655033115422,0,0,1.07278742762614,0.620987079052042,"AKAP9;ABCC9"
"198","mitochondrial envelope (GO:0005740)","3/127",0.572298151349721,0.715318967589874,0,0,1.01200987208009,0.564797831501935,"OPA1;LRRK2;DNM1L"
"199","plasma membrane raft (GO:0044853)","2/82",0.573985784477358,0.715318967589874,0,0,1.04586021505376,0.580609976824208,"KIF18A;SELE"
"200","brush border membrane (GO:0031526)","1/37",0.583134528378535,0.719489368347645,0,0,1.16219599427754,0.626815727857733,"ACE2"
"201","serine/threonine protein kinase complex (GO:1902554)","1/37",0.583134528378535,0.719489368347645,0,0,1.16219599427754,0.626815727857733,"CDK1"
"202","lysosomal lumen (GO:0043202)","2/86",0.599970135822104,0.736205463271717,0,0,0.995852534562212,0.508756560575713,"HSP90AA1;VCAN"
"203","asymmetric synapse (GO:0032279)","3/133",0.603647899655288,0.736205463271717,0,0,0.965003315649867,0.487099125287635,"NSF;FXR1;USP8"
"204","dendrite (GO:0030425)","6/270",0.605588364949316,0.736205463271717,0,0,0.949960560047328,0.476457268707452,"FXR1;EPHA4;OPA1;MAP1B;LRRK2;DHX36"
"205","cytosolic small ribosomal subunit (GO:0022627)","1/40",0.611712342297208,0.740022736047354,0,0,1.07263123142951,0.527190887593311,"DHX29"
"206","exocytic vesicle membrane (GO:0099501)","1/41",0.620796998503758,0.743756790477932,0,0,1.04576180257511,0.498568136784595,"MCTP1"
"207","synaptic vesicle membrane (GO:0030672)","1/41",0.620796998503758,0.743756790477932,0,0,1.04576180257511,0.498568136784595,"MCTP1"
"208","platelet alpha granule (GO:0031091)","2/90",0.624744103998704,0.744884575907917,0,0,0.95039100684262,0.447076424113414,"F13A1;IGF1"
"209","postsynaptic density (GO:0014069)","3/138",0.628587549007968,0.744884575907917,0,0,0.929022988505747,0.431326758089422,"NSF;FXR1;USP8"
"210","specific granule membrane (GO:0035579)","2/91",0.630749036051059,0.744884575907917,0,0,0.939664129515525,0.433041601558282,"MOSPD2;ATP6V1D"
"211","small ribosomal subunit (GO:0015935)","1/45",0.65506339470032,0.769932331211751,0,0,0.950497463909481,0.402082537922727,"DHX29"
"212","mitochondrial membrane (GO:0031966)","10/469",0.659224141624702,0.770371575938649,0,0,0.909311937758327,0.378902717576574,"SPART;LDHB;ALAS2;OPA1;ACSL1;LRRK2;VPS13C;ACSL4;DNM1L;HSPD1"
"213","recycling endosome (GO:0055037)","3/145",0.661649780947308,0.770371575938649,0,0,0.882907357940748,0.364657421217032,"MCTP1;MYO5A;ATP13A3"
"214","acrosomal vesicle (GO:0001669)","1/48",0.678719430167631,0.786041615577988,0,0,0.889690439229294,0.344797258499598,"KNL1"
"215","Golgi lumen (GO:0005796)","2/100",0.68144736834382,0.786041615577988,0,0,0.852973447443494,0.327146245880964,"VCAN;GOLIM4"
"216","endoplasmic reticulum-Golgi intermediate compartment membrane (GO:0033116)","1/49",0.686239347293077,0.78790443578094,0,0,0.871110515021459,0.327998205032492,"GALNT1"
"217","endoplasmic reticulum membrane (GO:0005789)","15/712",0.694925410275795,0.794200468886623,0,0,0.896827109864019,0.326400910484592,"COPB2;MCTP1;ACSL1;PNPLA8;COPB1;GALNT1;PLA2G2A;ITPR2;FMN1;ACSL4;KTN1;UFL1;RB1CC1;CDK1;DNM1L"
"218","integral component of mitochondrial inner membrane (GO:0031305)","1/51",0.700756341772752,0.797190700732305,0,0,0.83618025751073,0.297341551279919,"HSPA9"
"219","microbody membrane (GO:0031903)","1/52",0.707761511644963,0.801278487566546,0,0,0.819742489270386,0.283342425702848,"PNPLA8"
"220","Golgi cisterna (GO:0031985)","1/53",0.714603035353861,0.801278487566546,0,0,0.803936942885441,0.270145392001921,"GOLGA5"
"221","peroxisomal membrane (GO:0005778)","1/53",0.714603035353861,0.801278487566546,0,0,0.803936942885441,0.270145392001921,"PNPLA8"
"222","endocytic vesicle membrane (GO:0030666)","3/158",0.717273484837796,0.801278487566546,0,0,0.808314794215795,0.268601455581618,"ACE2;CD163;CLTC"
"223","ER to Golgi transport vesicle membrane (GO:0012507)","1/54",0.72128472772992,0.802146244291571,0,0,0.788727832213135,0.257694192903562,"USO1"
"224","coated vesicle membrane (GO:0030662)","1/55",0.727810315019633,0.804907095045119,0,0,0.774082021936099,0.245937331060306,"USO1"
"225","microvillus (GO:0005902)","1/57",0.740407647095575,0.804907095045119,0,0,0.746359595340282,0.224321637975486,"LRRK2"
"226","azurophil granule membrane (GO:0035577)","1/58",0.746486418791844,0.804907095045119,0,0,0.733227919584369,0.214379606608938,"DNAJC13"
"227","cortical cytoskeleton (GO:0030863)","1/58",0.746486418791844,0.804907095045119,0,0,0.733227919584369,0.214379606608938,"SELE"
"228","mitochondrial intermembrane space (GO:0005758)","1/58",0.746486418791844,0.804907095045119,0,0,0.733227919584369,0.214379606608938,"OPA1"
"229","recycling endosome membrane (GO:0055038)","1/58",0.746486418791844,0.804907095045119,0,0,0.733227919584369,0.214379606608938,"ATP13A3"
"230","SCF ubiquitin ligase complex (GO:0019005)","1/58",0.746486418791844,0.804907095045119,0,0,0.733227919584369,0.214379606608938,"USP47"
"231","transport vesicle membrane (GO:0030658)","1/60",0.75822113189984,0.814020955459569,0,0,0.708299992725686,0.196043417291757,"USO1"
"232","ficolin-1-rich granule membrane (GO:0101003)","1/61",0.76388362088951,0.816565249916372,0,0,0.696459227467811,0.187584209995989,"COPB1"
"233","organelle envelope lumen (GO:0031970)","1/64",0.780089322674567,0.83030966533602,0,0,0.663192315552831,0.164701722250149,"OPA1"
"234","autophagosome (GO:0005776)","1/69",0.804669716687286,0.848160826136499,0,0,0.614270386266094,0.133495313865209,"LRRK2"
"235","clathrin-coated endocytic vesicle membrane (GO:0030669)","1/69",0.804669716687286,0.848160826136499,0,0,0.614270386266094,0.133495313865209,"CLTC"
"236","cilium (GO:0005929)","4/237",0.807120786162152,0.848160826136499,0,0,0.715616570416856,0.153343713337346,"AHI1;PCM1;TTC21B;ATP6V1D"
"237","cation channel complex (GO:0034703)","1/73",0.822344430511597,0.849755911528651,0,0,0.580025035765379,0.113450551645566,"AKAP9"
"238","tertiary granule membrane (GO:0070821)","1/73",0.822344430511597,0.849755911528651,0,0,0.580025035765379,0.113450551645566,"COPB1"
"239","vesicle membrane (GO:0012506)","1/73",0.822344430511597,0.849755911528651,0,0,0.580025035765379,0.113450551645566,"ITPR2"
"240","voltage-gated potassium channel complex (GO:0008076)","1/73",0.822344430511597,0.849755911528651,0,0,0.580025035765379,0.113450551645566,"AKAP9"
"241","clathrin-coated endocytic vesicle (GO:0045334)","1/85",0.866353789914073,0.891517592940623,0,0,0.496857755977928,0.0712801678673787,"CLTC"
"242","clathrin-coated vesicle membrane (GO:0030665)","1/90",0.881306942170249,0.899047688276541,0,0,0.468823841442832,0.0592355696816409,"CLTC"
"243","mitochondrial inner membrane (GO:0005743)","5/328",0.884017610856979,0.899047688276541,0,0,0.643654591023012,0.0793486403951289,"LDHB;ALAS2;OPA1;LRRK2;HSPD1"
"244","cullin-RING ubiquitin ligase complex (GO:0031461)","2/157",0.88454691911079,0.899047688276541,0,0,0.537717655220257,0.0659670518521651,"USP47;CAND1"
"245","trans-Golgi network membrane (GO:0032588)","1/99",0.904140265998719,0.915211371296663,0,0,0.425571516160112,0.0428851690004036,"CLTC"
"246","organelle inner membrane (GO:0019866)","5/346",0.909358780750771,0.916751941569883,0,0,0.609107412626474,0.0578746845798805,"LDHB;ALAS2;OPA1;LRRK2;HSPD1"
"247","integral component of plasma membrane (GO:0005887)","24/1454",0.974952162351989,0.978899337098353,0,0,0.68583876619994,0.0173975851840515,"EPHA4;CD163;AQP9;SLC6A14;MOSPD2;SLC1A3;FRS2;ABCC9;ATP2B1;CLDN1;SELE;SLC7A2;DCLK1;KTN1;C5;IL18RAP;MRC1;AKAP9;FAT1;ADGRL4;STEAP1;ROS1;MET;TLR2"
"248","integral component of organelle membrane (GO:0031301)","1/214",0.993800044441268,0.993800044441268,0,0,0.194644260412259,0.0012105423083584,"ATP2B1"
