"","PROBEID","SYMBOL","GENENAME","logFC","AveExpr","t","P.Value","adj.P.Val","B"
"8176253","8176253",NA,NA,1.67741250586209,8.65230252704054,14.5984803587393,1.76002900945803e-14,3.04524957693185e-10,22.9469647608302
"7983663","7983663","USP8","ubiquitin specific peptidase 8",1.5272466984001,8.93398787178603,14.1279826862042,3.91272048154897e-14,3.04524957693185e-10,22.1891212564272
"8068062","8068062","USP16","ubiquitin specific peptidase 16",1.39162410311463,9.01595183631828,14.1172814611521,3.98541186122417e-14,3.04524957693185e-10,22.1716209497511
"8171024","8171024",NA,NA,1.58124549391975,7.55676202518113,14.081676530233,4.23745853604933e-14,3.04524957693185e-10,22.1133086761113
"8006112","8006112","NSRP1","nuclear speckle splicing regulatory protein 1",1.46516983441309,8.52142208203018,13.4800103507835,1.21641149468039e-13,6.99339296521651e-10,21.1076806266817
"8041015","8041015","SLC4A1AP","solute carrier family 4 member 1 adaptor protein",1.33485654202784,8.92786098602414,13.3527365070178,1.52728803760007e-13,7.31723698814195e-10,20.8899558933431
"7965200","7965200","CCDC59","coiled-coil domain containing 59",1.2586625062478,8.13638076450145,13.0753151986498,2.52237501737191e-13,9.40519558808614e-10,20.4091666719144
"7962590","7962590","RPAP3","RNA polymerase II associated protein 3",1.41655726812035,7.05886589161404,13.0550230311451,2.61746207140782e-13,9.40519558808614e-10,20.3736611478447
"8020903","8020903","GALNT1","polypeptide N-acetylgalactosaminyltransferase 1",1.52511304227127,8.57486850172896,12.8596979257701,3.74552471577147e-13,1.07116931543958e-09,20.0295122783503
"8145702","8145702","WRN","WRN RecQ like helicase",1.07635098816969,8.27026283916974,12.8306642715879,3.95178069540021e-13,1.07116931543958e-09,19.9779857870628
"8050302","8050302","ROCK2","Rho associated coiled-coil containing protein kinase 2",1.44935976683891,9.47774979491645,12.7608122831593,4.49737633722355e-13,1.07513027661664e-09,19.8536217028313
"8022441","8022441","ROCK1","Rho associated coiled-coil containing protein kinase 1",1.40483413634352,8.94452180958785,12.7188252203748,4.86213511306489e-13,1.07513027661664e-09,19.778597566786
"8151711","8151711","NBN","nibrin",1.19304596113141,8.51696610713374,12.1810139103797,1.34236276883542e-12,2.27236970884711e-09,18.7993513438354
"8095773","8095773","USO1","USO1 vesicle transport factor",1.42600998683901,9.81487806316939,12.1652131840541,1.38367400092978e-12,2.27236970884711e-09,18.7700614945294
"8044263","8044263","RANBP2","RAN binding protein 2",1.05908064790707,9.08456125857298,12.1506537780113,1.42289900366131e-12,2.27236970884711e-09,18.74304604924
"7965064","7965064","OSBPL8","oxysterol binding protein like 8",1.30136903451247,9.37537477349297,11.895489558728,2.33131738455916e-12,3.10865324610182e-09,18.2654053813048
"7932911","7932911","KIF5B","kinesin family member 5B",1.25746277278238,10.8942231955489,11.8853810366,2.37772295416066e-12,3.10865324610182e-09,18.2463195374627
"8089930","8089930","GOLGB1","golgin B1",1.38227352888044,9.11681059594082,11.8838495780165,2.38483599689665e-12,3.10865324610182e-09,18.2434269037617
"7971422","7971422","ZC3H13","zinc finger CCCH-type containing 13",1.23978058182583,8.48299557007548,11.7763444534377,2.94314483554501e-12,3.37627494985397e-09,18.0396479377987
"8146243","8146243","HOOK3","hook microtubule tethering protein 3",1.02330327637777,9.44046116494521,11.7464551427382,3.12112670181291e-12,3.37627494985397e-09,17.9827380781905
"8083709","8083709","SMC4","structural maintenance of chromosomes 4",1.74882117526997,8.2978494433648,11.7314536402422,3.2145962339291e-12,3.37627494985397e-09,17.9541331400293
"8173766","8173766","BRWD3","bromodomain and WD repeat domain containing 3",1.02862690832415,8.37879330282811,11.6932905268566,3.4655928878867e-12,3.37627494985397e-09,17.8812374462616
"8035842","8035842","ZNF91","zinc finger protein 91",1.45111248073987,8.80168161929283,11.677078988819,3.57824017229014e-12,3.37627494985397e-09,17.8502167827069
"8043687","8043687","ANKRD36","ankyrin repeat domain 36",1.22841646386188,8.06051413262674,11.6568750399383,3.72392472476825e-12,3.37627494985397e-09,17.8115108004066
"8046848","8046848","ZC3H15","zinc finger CCCH-type containing 15",1.36328789382775,9.6981686704157,11.4659345707631,5.44254986550142e-12,4.27101217426818e-09,17.443187879143
"8100428","8100428","CLOCK","clock circadian regulator",1.18186159345286,8.49331868064564,11.4413682721349,5.7166144616646e-12,4.27101217426818e-09,17.3954661938682
"7907790","7907790","CEP350","centrosomal protein 350",1.25464885658813,9.14976967822489,11.2907683126233,7.73764472984319e-12,4.94280745342383e-09,17.1012409337333
"7965022","7965022","KRR1","KRR1 small subunit processome component homolog",1.12762810471674,8.64610001730197,11.2392648266919,8.58688700644926e-12,5.36605769320414e-09,16.9999552285553
"8085954","8085954","AZI2","5-azacytidine induced 2",1.03153624462229,9.29309326423148,11.2223574787134,8.8861236289435e-12,5.40896039461607e-09,16.9666314628262
"8104838","8104838","DNAJC21","DnaJ heat shock protein family (Hsp40) member C21",1.20426922269831,8.48316362217136,11.1988467313766,9.3201662668689e-12,5.46770407157986e-09,16.9202316281583
"7922912","7922912","TPR","translocated promoter region, nuclear basket protein",1.48877832426256,8.46164444136866,11.1640917490694,1.00021307170113e-11,5.58485920383234e-09,16.8515104247667
"8120022","8120022","CDC5L","cell division cycle 5 like",1.31755075574744,8.77046334698173,11.1093678269052,1.11817327841999e-11,6.06471869084169e-09,16.7429889470028
"8082940","8082940","ARMC8","armadillo repeat containing 8",1.04566642875272,9.20747451843601,11.0964068894208,1.14815077180097e-11,6.1119892752205e-09,16.7172298186115
"7965123","7965123","PPP1R12A","protein phosphatase 1 regulatory subunit 12A",1.30263678711136,9.53587811332273,11.0707584048886,1.20993458274909e-11,6.13788004555548e-09,16.666190835365
"8168691","8168691","DIAPH2","diaphanous related formin 2",1.13890121919379,9.25126216585379,11.0676917888234,1.21754716030215e-11,6.13788004555548e-09,16.6600827464326
"8044236","8044236","GCC2","GRIP and coiled-coil domain containing 2",1.53676204428097,8.75865253077686,11.0535222431769,1.25336669851865e-11,6.13788004555548e-09,16.6318440022426
"8166230","8166230","TXLNG","taxilin gamma",1.13988842823028,8.94662531490386,11.0474677524652,1.26900085250036e-11,6.13788004555548e-09,16.6197699583341
"8038993","8038993","ZNF28","zinc finger protein 28",1.1433290108935,7.59726330705141,11.0428243259083,1.28112712284606e-11,6.13788004555548e-09,16.6105066775515
"7965436","7965436","EEA1","early endosome antigen 1",1.50415449003574,8.29330405827562,11.0336228721986,1.30551000737669e-11,6.15216240525416e-09,16.5921422135221
"8131479","8131479","MIOS","meiosis regulator for oocyte development",1.03356125085098,8.67538226465951,11.014290265541,1.3583066995851e-11,6.29772328810857e-09,16.5535219469195
"7907171","7907171","BLZF1","basic leucine zipper nuclear factor 1",1.42854520122785,9.56031318675507,10.9873456630155,1.43557958767716e-11,6.47096905489236e-09,16.4996143207731
"8112772","8112772","AP3B1","adaptor related protein complex 3 subunit beta 1",1.01632018866099,9.41522439272706,10.9856151297907,1.44069442535696e-11,6.47096905489236e-09,16.4961488420837
"7989253","7989253","SLTM","SAFB like transcription modulator",1.06243690490528,9.01034902729127,10.9596810204688,1.51963168406547e-11,6.66760738489978e-09,16.4441677642431
"7896596","7896596",NA,NA,1.67427345171943,9.6973232215146,10.9478868209546,1.5569889598301e-11,6.67285446815508e-09,16.4204990310554
"8078569","8078569","GOLGA4","golgin A4",1.31921406894991,8.81050651187833,10.9203818210262,1.64782375922791e-11,6.76812386087609e-09,16.365231130404
"8052443","8052443","USP34","ubiquitin specific peptidase 34",1.08763738573635,9.94150715222585,10.9096825386284,1.6846145948164e-11,6.82055368205523e-09,16.3437055373533
"7974447","7974447","SOCS4","suppressor of cytokine signaling 4",1.03110738317328,7.93562334164366,10.8376212741133,1.95544781097326e-11,7.39867376813286e-09,16.1983369916098
"8107578","8107578","SRFBP1","serum response factor binding protein 1",1.31848356367205,8.84822735291893,10.8311575097348,1.98183357735417e-11,7.39867376813286e-09,16.1852644104615
"8055021","8055021","IWS1","interacts with SUPT6H, CTD assembly factor 1",1.16353512846519,8.12147224878468,10.8197256932826,2.02939939565082e-11,7.47911731120236e-09,16.1621307988
"8148358","8148358","PHF20L1","PHD finger protein 20 like 1",1.04387558067054,7.97791846481704,10.796385391263,2.13019405545237e-11,7.48691347640952e-09,16.1148456250464
"8169750","8169750","STAG2","STAG2 cohesin complex component",1.16358951804139,9.03669967078893,10.7952643221774,2.13516300252548e-11,7.48691347640952e-09,16.1125726444997
"8013906","8013906","TWF1","twinfilin actin binding protein 1",1.23189903697718,9.23279860909182,10.7835539671546,2.18778519452585e-11,7.48691347640952e-09,16.0888198727878
"7930422","7930422","SMC3","structural maintenance of chromosomes 3",1.45185705940597,8.36018034890028,10.7776838301868,2.21466347190027e-11,7.48973131332297e-09,16.0769063480546
"7954752","7954752","DNM1L","dynamin 1 like",1.26550289427697,8.98123282231401,10.7382524114734,2.40423743114083e-11,7.94393209144533e-09,15.9967619836117
"7967420","7967420","SBNO1","strawberry notch homolog 1",1.01048144559351,8.34584290739289,10.7193040263155,2.50119428411173e-11,8.12151375072067e-09,15.9581763838443
"8088700","8088700","TMF1","TATA element modulatory factor 1",1.36658376172004,8.3211168939049,10.7077394722308,2.56233573294756e-11,8.18410033103449e-09,15.9346035533299
"7954511","7954511","STK38L","serine/threonine kinase 38 like",1.17321276533509,9.86796287750024,10.6729216482162,2.75586212867928e-11,8.51828094096930e-09,15.8635251388553
"7932041","7932041","UPF2","UPF2 regulator of nonsense mediated mRNA decay",1.02479769669366,7.95814667598787,10.652742838499,2.87483839652454e-11,8.59831640469105e-09,15.822257855889
"8081069","8081069","ZNF654","zinc finger protein 654",1.33706202350856,7.765690585674,10.6295209375171,3.01831466419019e-11,8.59831640469105e-09,15.7747003640207
"8050443","8050443","SMC6","structural maintenance of chromosomes 6",1.35835955878472,7.68817849544866,10.5612514873454,3.48428215694214e-11,9.44897876259045e-09,15.6344723003041
"8046975","8046975","WDR75","WD repeat domain 75",1.21665759667772,8.80685094628926,10.5396254496569,3.64683438490628e-11,9.61760561729504e-09,15.5899221563013
"7961546","7961546","EPS8","epidermal growth factor receptor pathway substrate 8",1.26149146187204,10.1604832178876,10.4831845407127,4.10881904849429e-11,1.05457243185729e-08,15.4733584855324
"7895954","7895954",NA,NA,1.32455769679926,10.6009029458324,10.467409514279,4.2484052201373e-11,1.08074917219528e-08,15.4407032177732
"8105714","8105714","SREK1","splicing regulatory glutamic acid and lysine rich protein 1",1.0069403410445,8.56525442586539,10.4588048476713,4.32658914688043e-11,1.09098361066864e-08,15.4228769914303
"8171006","8171006","BRCC3","BRCA1/BRCA2-containing complex subunit 3",1.37725106313629,8.24442717196918,10.4467503047793,4.43861396579722e-11,1.09993445742075e-08,15.3978870024183
"7962441","7962441","TWF1","twinfilin actin binding protein 1",1.10358393683861,9.73430205830586,10.4372162745589,4.52932390283106e-11,1.10338936365069e-08,15.3781084375468
"7893212","7893212",NA,NA,1.13058355965005,6.95120965991218,10.4240048172313,4.65818166566297e-11,1.10757941685684e-08,15.3506808194343
"7895953","7895953",NA,NA,1.22352424647019,11.5937378136021,10.3978961237128,4.92402864092061e-11,1.15078152286101e-08,15.2964090430219
"7893264","7893264",NA,NA,1.07872295320445,11.7134983753227,10.3783611437999,5.13310218557068e-11,1.18996899537431e-08,15.2557420738931
"8176276","8176276","ATRX","ATRX chromatin remodeler",1.40108818114217,8.02633934213396,10.3676580887028,5.25149873704903e-11,1.19809192615247e-08,15.23343922209
"7988605","7988605","COPS2","COP9 signalosome subunit 2",1.31417780001294,10.130756504505,10.34792454987,5.4772013403779e-11,1.2126662943886e-08,15.1922783936985
"8144812","8144812","PCM1","pericentriolar material 1",1.28005444379733,9.4511097176121,10.3436826791819,5.52700572614933e-11,1.2126662943886e-08,15.183423723349
"8099410","8099410","BOD1L1","biorientation of chromosomes in cell division 1 like 1",1.18922866680108,8.30332614051584,10.2569823031753,6.65358329165037e-11,1.40635224486604e-08,15.0019099392237
"7957806","7957806","SCYL2","SCY1 like pseudokinase 2",1.02899436826533,9.97366741280583,10.2340669381733,6.98905029334724e-11,1.45018033027284e-08,14.9537652683623
"7993664","7993664","CCP110","centriolar coiled-coil protein 110",1.31214939124953,7.51501079969661,10.2165029279086,7.25790820180701e-11,1.4545396379054e-08,14.9168155741501
"8147724","8147724","ATP6V1C1","ATPase H+ transporting V1 subunit C1",1.08150131776745,8.54138266104854,10.2146834597024,7.28636011474214e-11,1.4545396379054e-08,14.9129855418555
"8135497","8135497","ZNF277","zinc finger protein 277",1.03351823716589,8.25010249770412,10.2101719481277,7.35740417909100e-11,1.45859269332517e-08,14.9034867475829
"7974066","7974066","PNN","pinin, desmosome associated protein",1.03443909137424,8.78132910113062,10.1696504385299,8.02830496450974e-11,1.56803205748057e-08,14.8180467933185
"8112182","8112182","MIER3","MIER family member 3",1.03627050402949,8.00459878765908,10.1552373422881,8.281824008583e-11,1.58712875300485e-08,14.7876029581288
"7929719","7929719","R3HCC1L","R3H domain and coiled-coil containing 1 like",1.03086564010149,7.86438372675563,10.141371270207,8.53348577919013e-11,1.60329138698431e-08,14.7582879480304
"7961900","7961900","ITPR2","inositol 1,4,5-trisphosphate receptor type 2",1.28943407719389,8.57650245833824,10.1380296453317,8.59530066488294e-11,1.60441891501769e-08,14.7512193338097
"8096938","8096938","LARP7","La ribonucleoprotein 7, transcriptional regulator",1.19426886928496,7.21914814615532,10.1191249183007,8.9537753275318e-11,1.64777546494399e-08,14.711201164877
"8113064","8113064","LYSMD3","LysM domain containing 3",1.01512526280192,9.28628067312947,10.116767633903,8.999538996598e-11,1.64777546494399e-08,14.7062077785702
"8058666","8058666",NA,NA,1.63892882397514,4.47344142365205,10.1083527593539,9.16487194443691e-11,1.65483765851998e-08,14.6883765621613
"7927062","7927062","ZNF33A","zinc finger protein 33A",1.04354002641485,7.8973376227025,10.0567591588581,1.02491122969214e-10,1.78724834707566e-08,14.57883844102
"7957043","7957043","FRS2","fibroblast growth factor receptor substrate 2",1.02851977586353,9.10287731976783,10.0420077908622,1.05827190517337e-10,1.83259543289841e-08,14.5474532202393
"8107942","8107942","RAD50","RAD50 double strand break repair protein",1.50568164460862,8.75750711878892,10.0299743978109,1.08631070946431e-10,1.85132312984367e-08,14.5218288251961
"8084844","8084844","OPA1","OPA1 mitochondrial dynamin like GTPase",1.28974417136132,8.80483068389611,10.0290873921767,1.08840746171147e-10,1.85132312984367e-08,14.5199392177431
"8174893","8174893","THOC2","THO complex subunit 2",1.37082955796935,9.10787877933771,10.0120606655121,1.12947186031948e-10,1.88198190504139e-08,14.4836459985006
"8113881","8113881","RAPGEF6","Rap guanine nucleotide exchange factor 6",1.01698439911406,8.49650574496528,10.0100384144515,1.13445364634322e-10,1.88198190504139e-08,14.4793328520064
"8105353","8105353","MTREX","Mtr4 exosome RNA helicase",1.11567978088942,9.56736542015466,10.0081336385031,1.13916667180548e-10,1.88198190504139e-08,14.4752697509759
"7956670","7956670","USP15","ubiquitin specific peptidase 15",1.05401387292188,9.1958523589158,9.99385995372312,1.17513040850994e-10,1.88861889270817e-08,14.4448066098461
"8090237","8090237","ZNF148","zinc finger protein 148",1.00898217680742,8.99024291226892,9.98728342872406,1.1920908790802e-10,1.88861889270817e-08,14.4307615124832
"8020068","8020068","ANKRD12","ankyrin repeat domain 12",1.02714996702061,9.34768970007877,9.98439744307529,1.19961283118933e-10,1.88861889270817e-08,14.424596217017
"8134122","8134122","AKAP9","A-kinase anchoring protein 9",1.3157209175865,8.42016587383507,9.94529210645705,1.30647754448542e-10,2.00834243282235e-08,14.3409437141444
"7935027","7935027","IDE","insulin degrading enzyme",1.11256158481574,9.23107104625852,9.93355827930004,1.34041379640086e-10,2.0387055550973e-08,14.3158023948266
"7983763","7983763","MAPK6","mitogen-activated protein kinase 6",1.491681147111,8.16347990198516,9.91537628523196,1.39479735394299e-10,2.11025498612869e-08,14.276807763967
"8107208","8107208","FER","FER tyrosine kinase",1.06567010352994,8.39232736205751,9.89690407650795,1.45237204929028e-10,2.18427283870028e-08,14.2371443352125
"8107613","8107613","SNX2","sorting nexin 2",1.34799843929511,10.3368643467006,9.86192313749815,1.56818137798942e-10,2.33163373687433e-08,14.1619052637586
"7986250","7986250","CHD2","chromodomain helicase DNA binding protein 2",1.14418823239086,9.71886283743216,9.86036219508648,1.57356482624929e-10,2.33163373687433e-08,14.1585439838813
"8030978","8030978","ZNF845","zinc finger protein 845",1.50809365188351,7.22824227580719,9.83511504416419,1.6633226642103e-10,2.45199350284048e-08,14.1041311761548
"8180257","8180257","CEP170","centrosomal protein 170",1.35335385067956,9.71457689512354,9.81576544083924,1.7356605719554e-10,2.49466494007149e-08,14.0623695357481
"8087951","8087951","PBRM1","polybromo 1",1.06017312532104,9.31034162645158,9.80916609068613,1.76106415935789e-10,2.5185845932787e-08,14.048114599134
"8153935","8153935","ZNF252P","zinc finger protein 252, pseudogene",1.32293576866292,6.89053511141849,9.78866447179442,1.84244539823051e-10,2.62192749591753e-08,14.0037918494881
"8094719","8094719","N4BP2","NEDD4 binding protein 2",1.01428064363902,7.32398850299555,9.75468708725828,1.98592032587705e-10,2.79839537684616e-08,13.9302083156699
"8160016","8160016","RANBP6","RAN binding protein 6",1.1127280173933,7.96456879677924,9.74522962383411,2.02786144110649e-10,2.8247465781575e-08,13.9096983709306
"8054064","8054064","ANKRD36B","ankyrin repeat domain 36B",1.37336234981764,8.44417143861168,9.74241509068989,2.04051782035002e-10,2.8247465781575e-08,13.9035922501711
"8084146","8084146","FXR1","FMR1 autosomal homolog 1",1.08967324158629,8.9139584379089,9.73115581678778,2.09196489122831e-10,2.85736146012741e-08,13.8791543766367
"8166500","8166500","ZFX","zinc finger protein X-linked",1.08682510454498,9.14969972016307,9.73019357403858,2.09642297359267e-10,2.85736146012741e-08,13.8770650511452
"8057441","8057441","CWC22","CWC22 spliceosome associated protein homolog",1.06126306442009,7.94807205524888,9.72136344710368,2.13779119889141e-10,2.88511482644753e-08,13.857886167134
"8173673","8173673","ATRX","ATRX chromatin remodeler",1.15327788955116,8.27925547936256,9.7043718075158,2.21976893222131e-10,2.94820802115398e-08,13.8209503796745
"8113469","8113469","PJA2","praja ring finger ubiquitin ligase 2",1.02706073031151,10.1179815101323,9.70221508573515,2.23040255708807e-10,2.94820802115398e-08,13.8162593320336
"8104944","8104944","NIPBL","NIPBL cohesin loading factor",1.02996422582146,9.2246162289896,9.68510627435891,2.31663119476652e-10,2.95972801443371e-08,13.7790235275445
"7925525","7925525","CEP170","centrosomal protein 170",1.36517401547465,8.61129905475542,9.67501313213459,2.36909814753949e-10,3.00009230613085e-08,13.7570377643871
"7995583","7995583","CHD9","chromodomain helicase DNA binding protein 9",1.17490565656005,9.39113818239609,9.66214016621142,2.43778988980289e-10,3.05153206751129e-08,13.7289763469365
"8043861","8043861","EIF5B","eukaryotic translation initiation factor 5B",1.39207818091591,8.93271379433448,9.65754612158358,2.46279635310171e-10,3.05153206751129e-08,13.7189563795691
"8127787","8127787","IBTK","inhibitor of Bruton tyrosine kinase",1.07435293485543,9.39019904844631,9.6504422843277,2.50198362196384e-10,3.08678202562113e-08,13.7034566233657
"7954382","7954382","PYROXD1","pyridine nucleotide-disulphide oxidoreductase domain 1",1.35616293135095,8.10003826800805,9.62756616205787,2.63258059290493e-10,3.15716566487187e-08,13.653496196257
"8151549","8151549","IMPA1","inositol monophosphatase 1",1.05404037178423,8.66271730612997,9.60103715450526,2.79282893837112e-10,3.25031014827597e-08,13.595467483165
"7936614","7936614","EIF3A","eukaryotic translation initiation factor 3 subunit A",1.40688496008074,10.389217203748,9.58248162726232,2.91083441163262e-10,3.33685162878832e-08,13.5548218827654
"7917433","7917433","ODF2L","outer dense fiber of sperm tails 2 like",1.10474412310779,7.73904223778333,9.56552494736922,3.02314512855483e-10,3.44854483593004e-08,13.5176368891054
"8091562","8091562","DHX36","DEAH-box helicase 36",1.19448855962872,8.41100798801004,9.5603632552084,3.05820848284656e-10,3.47475340110305e-08,13.5063097062779
"8034390","8034390","ZNF799","zinc finger protein 799",1.04572307412815,7.42754759622602,9.54871254184264,3.13889391802011e-10,3.50240432009122e-08,13.4807290019783
"7978776","7978776","MIS18BP1","MIS18 binding protein 1",1.34274582688651,7.61373011161268,9.5480617861572,3.14346453274729e-10,3.50240432009122e-08,13.4792996265641
"8040440","8040440","GEN1","GEN1 Holliday junction 5' flap endonuclease",1.38947085141298,7.1152301108146,9.54533532373167,3.16268833832846e-10,3.51021772098803e-08,13.4733103541396
"8121161","8121161","UFL1","UFM1 specific ligase 1",1.08869430707502,8.75352018537366,9.47880313581537,3.67113356074299e-10,3.9973638385272e-08,13.326838737397
"8052269","8052269","CCDC88A","coiled-coil domain containing 88A",1.37751709001124,8.33246363946445,9.47012547313616,3.74337270762836e-10,4.0493991964003e-08,13.30768951502
"8107518","8107518",NA,NA,1.51166495563747,6.77393437753159,9.44926668681322,3.92304283562824e-10,4.19225982724793e-08,13.261617181504
"8055913","8055913","PRPF40A","pre-mRNA processing factor 40 homolog A",1.30200350398011,8.48170864591471,9.44462319123593,3.96423016267058e-10,4.22058371318994e-08,13.2513525405363
"7965264","7965264","CEP290","centrosomal protein 290",1.13788361157223,6.43581369116186,9.44243794477572,3.98376631222421e-10,4.22573233989658e-08,13.2465209270479
"8135464","8135464","DLD","dihydrolipoamide dehydrogenase",1.12488078512898,8.78333531062401,9.4237675153824,4.15476031604722e-10,4.34300872891248e-08,13.2052133125522
"8107164","8107164","PPIP5K2","diphosphoinositol pentakisphosphate kinase 2",1.19973635717361,8.90374808569103,9.41730420894386,4.21569401985289e-10,4.39073696719895e-08,13.1909022236789
"8090772","8090772","TOPBP1","DNA topoisomerase II binding protein 1",1.12829209729706,8.66373195655904,9.41197410783179,4.26663359779971e-10,4.41961034807918e-08,13.1790959228065
"8113157","8113157","SKIC3","SKI3 subunit of superkiller complex",1.42787659812364,8.73852822522285,9.41025175386686,4.28322869917738e-10,4.41961034807918e-08,13.1752800249033
"8068522","8068522","TTC3","tetratricopeptide repeat domain 3",1.15901143298194,8.83605552090831,9.40801127711552,4.30491510979673e-10,4.41961034807918e-08,13.1703156030253
"7980923","7980923","TRIP11","thyroid hormone receptor interactor 11",1.17448345576505,8.21932596669962,9.3997150259086,4.38620311533656e-10,4.4652982772654e-08,13.151926801343
"7976307","7976307","GOLGA5","golgin A5",1.04135110357036,9.1690815490879,9.37737662780152,4.61299700595967e-10,4.65281445380058e-08,13.1023658097523
"8083605","8083605","RSRC1","arginine and serine rich coiled-coil 1",1.16209822088916,8.13627530404991,9.36852258762283,4.7061860527193e-10,4.7137290686923e-08,13.0827026579538
"8115606","8115606","SLU7","SLU7 homolog, splicing factor",1.20017411216723,7.88145582699559,9.36668666190392,4.72574970126456e-10,4.71688892057469e-08,13.0786240507815
"8058552","8058552","IDH1","isocitrate dehydrogenase (NADP(+)) 1",1.35428191323371,9.93708514739808,9.35325124014359,4.87148021709069e-10,4.81379786779062e-08,13.0487622946678
"7974483","7974483","KTN1","kinectin 1",1.27377645863414,8.3797324769821,9.33469998402222,5.08031360208089e-10,4.95046423069211e-08,13.0074888000716
"8162352","8162352","NOL8","nucleolar protein 8",1.30964861348328,8.13071097770094,9.3319964979881,5.11150469976084e-10,4.96403088173396e-08,13.0014699965743
"7924351","7924351","EPRS1","glutamyl-prolyl-tRNA synthetase 1",1.50471602685351,8.47619232036212,9.32958274789979,5.13951894928135e-10,4.97443137091049e-08,12.9960953775986
"8106141","8106141","FCHO2","FCH and mu domain containing endocytic adaptor 2",1.07066102798171,9.75542642096173,9.30355788570956,5.45175919921951e-10,5.18928046161471e-08,12.9380952377779
"8120441","8120441","PHF3","PHD finger protein 3",1.35217362762391,9.28081545842019,9.29859406691428,5.51348929988335e-10,5.23071826450319e-08,12.9270219660795
"7893872","7893872",NA,NA,1.6033239001408,7.88167331933144,9.29462376687457,5.5633796755479e-10,5.24343974273115e-08,12.9181625677061
"8131975","8131975","TAX1BP1","Tax1 binding protein 1",1.17198108266709,9.31193965470017,9.2729181488514,5.84443275354201e-10,5.43702472276112e-08,12.8696895263954
"7999752","7999752","LYRM2","LYR motif containing 2",1.34362451864497,9.13755192478035,9.26188575888352,5.9928247400094e-10,5.52146602488174e-08,12.8450268568541
"7895085","7895085",NA,NA,1.1039358601368,5.60305223591255,9.25822666104427,6.04289042890522e-10,5.53213147354489e-08,12.8368432850859
"7894012","7894012",NA,NA,1.00132364022479,12.5679755349961,9.24707798405712,6.19809297565826e-10,5.62051674063951e-08,12.8118977918285
"7917771","7917771","DNTTIP2","deoxynucleotidyltransferase terminal interacting protein 2",1.66120549817455,8.65642132406467,9.23115308454758,6.42690687159379e-10,5.75516775905237e-08,12.776235378754
"8035808","8035808","ZNF100","zinc finger protein 100",1.08349963852231,7.38034339509416,9.23086976161186,6.43105525452638e-10,5.75516775905237e-08,12.7756005825771
"8168447","8168447","PBDC1","polysaccharide biosynthesis domain containing 1",1.05952154810027,7.34215460673907,9.20276591699758,6.85649977457178e-10,6.0274294348575e-08,12.7125773252673
"8083183","8083183","U2SURP","U2 snRNP associated SURP domain containing",1.03680807476672,9.32590015052873,9.19403658115364,6.99443899755525e-10,6.12994339706473e-08,12.6929793044084
"8113286","8113286","RIOK2","RIO kinase 2",1.1178390351514,7.90301506723229,9.1880103743015,7.0913211656306e-10,6.17718540082477e-08,12.6794438272367
"8155770","8155770","SMC5","structural maintenance of chromosomes 5",1.12458078955518,9.33318782209317,9.1865179326593,7.11552672436901e-10,6.17954474981002e-08,12.6760908699614
"8142452","8142452","TFEC","transcription factor EC",1.24009744056568,7.73240731634126,9.16084757184988,7.54538843396748e-10,6.45534928341754e-08,12.6183706734071
"7971967","7971967","DIS3","DIS3 homolog, exosome endoribonuclease and 3'-5' exoribonuclease",1.13665000085938,8.24067824843109,9.15289180103233,7.68394648619777e-10,6.55438355169855e-08,12.6004633880155
"7947245","7947245","HSP90AA2P","heat shock protein 90 alpha family class A member 2, pseudogene",1.49550848800382,7.91851725407519,9.14772706562384,7.77528954508358e-10,6.57103833604864e-08,12.5888336030067
"8051963","8051963","SRBD1","S1 RNA binding domain 1",1.01263644026132,8.37154463053279,9.14161431207354,7.88483907408491e-10,6.60809282867769e-08,12.5750643042912
"7896101","7896101",NA,NA,1.50497634650362,9.07706189287202,9.13822984318658,7.94617303977628e-10,6.64013634306422e-08,12.5674383734765
"8152041","8152041","RNF19A","ring finger protein 19A, RBR E3 ubiquitin protein ligase",1.05325193065065,9.85608395718958,9.13022207672491,8.09324644617383e-10,6.7239439983154e-08,12.5493888180989
"8014574","8014574","DDX52","DExD-box helicase 52",1.12203120306435,8.50463759393841,9.11916300813735,8.30096251522873e-10,6.85688127766566e-08,12.5244469348657
"8028186","8028186","ZNF146","zinc finger protein 146",1.32496747166671,8.57661974230999,9.11363361097983,8.40685939164279e-10,6.90522149521697e-08,12.5119699192502
"7893880","7893880",NA,NA,1.35765337020384,11.6513055813931,9.11106383180816,8.45654518237624e-10,6.90601840376669e-08,12.5061697961934
"8035847","8035847","ZNF675","zinc finger protein 675",1.0577427059281,6.80914808969636,9.09899531101839,8.69394359549768e-10,7.02741250001105e-08,12.4789182325697
"8122440","8122440","LTV1","LTV1 ribosome biogenesis factor",1.37337712344789,8.10573249343758,9.09732034578549,8.72742733773027e-10,7.02741250001105e-08,12.4751344418989
"8133914","8133914","DMTF1","cyclin D binding myb like transcription factor 1",1.04323324713196,9.38813285291588,9.08859618299105,8.90397918379253e-10,7.14954708428212e-08,12.4554200138062
"7981335","7981335","HSP90AA1","heat shock protein 90 alpha family class A member 1",1.58404524451735,10.9981853947155,9.07975563501395,9.08662299580299e-10,7.26223053171518e-08,12.4354317770701
"8128472","8128472","ASCC3","activating signal cointegrator 1 complex subunit 3",1.24892006626667,8.26515863308743,9.07295283647207,9.22977876374677e-10,7.34150694756407e-08,12.4200434294302
"8095269","8095269","POLR2B","RNA polymerase II subunit B",1.16740642719254,9.32984544221018,9.0710262215187,9.27074035332135e-10,7.34150694756407e-08,12.4156841376868
"7917182","7917182","ADGRL4","adhesion G protein-coupled receptor L4",1.0157425537715,9.406925585751,9.05760889871491,9.5612206930341e-10,7.44842412037827e-08,12.3853108499648
"8045455","8045455","UBXN4","UBX domain protein 4",1.01899163021197,9.64252871687442,9.05351430156727,9.65171253836748e-10,7.49859807102463e-08,12.3760367690705
"8059413","8059413","DOCK10","dedicator of cytokinesis 10",1.39765033002646,8.97316411811704,9.04609160386731,9.81800092875688e-10,7.54621001866431e-08,12.3592187380902
"7946703","7946703","COPB1","COPI coat complex subunit beta 1",1.23091763301175,9.7156778089506,9.03928305091367,9.97311257176831e-10,7.62465675500138e-08,12.3437854662886
"8147079","8147079","LRRCC1","leucine rich repeat and coiled-coil centrosomal protein 1",1.01063262905345,7.31233082180291,9.03797599781371,1.00031758895636e-09,7.62735528173465e-08,12.3408219684021
"8101099","8101099","SDAD1","SDA1 domain containing 1",1.10418071661886,8.36316259020742,9.0210876264771,1.04000822043217e-09,7.81837614631363e-08,12.3025093654629
"7970999","7970999","SPART","spartin",1.00971899956772,8.78185238897979,9.0203872732493,1.04168860503657e-09,7.81837614631363e-08,12.3009197015847
"7902495","7902495","NEXN","nexilin F-actin binding protein",1.58154569838696,8.64947448556676,8.98003577096351,1.14335817574949e-09,8.29613069339257e-08,12.2092144565913
"8175369","8175369","MAP7D3","MAP7 domain containing 3",1.17538019870088,8.36793646924417,8.948738583501,1.22918094520465e-09,8.81148016230747e-08,12.1379305459498
"7893007","7893007",NA,NA,1.46065215854481,9.0317855033809,8.93394044638603,1.27203183180485e-09,9.07340621267054e-08,12.1041781682281
"8020468","8020468","RBBP8","RB binding protein 8, endonuclease",1.16960314984823,8.44368023477339,8.9147067163485,1.33002466286824e-09,9.39383021100994e-08,12.0602633170244
"8129773","8129773","BCLAF1","BCL2 associated transcription factor 1",1.28284046473964,9.57980304517524,8.90856206457532,1.34911728827743e-09,9.50532489431935e-08,12.046222872981
"8164701","8164701","SETX","senataxin",1.07071588471356,9.39208300231238,8.90021437438044,1.37550601554631e-09,9.64397461534005e-08,12.0271401019141
"7939158","7939158","QSER1","glutamine and serine rich 1",1.05348810944453,8.74465334853256,8.89756819561807,1.38398104730292e-09,9.67978568996828e-08,12.0210889292788
"8058024","8058024","SF3B1","splicing factor 3b subunit 1",1.01309105177971,11.0259026863036,8.89436722907116,1.39430446370904e-09,9.72831944509225e-08,12.0137677890386
"8038933","8038933","ZNF614","zinc finger protein 614",1.0135459524997,6.91695402023154,8.87876793332044,1.44575436802857e-09,9.94413975928812e-08,11.9780692222247
"8091954","8091954","GOLIM4","golgi integral membrane protein 4",1.08081260249848,9.58087528404115,8.87664318081696,1.45291125683609e-09,9.94413975928812e-08,11.9732041646588
"8135601","8135601","MET","MET proto-oncogene, receptor tyrosine kinase",1.29531851963988,9.66306398757866,8.86503833108836,1.49264585530885e-09,1.01527739416377e-07,11.9466213970532
"8116760","8116760","RIOK1","RIO kinase 1",1.17387031741881,7.86449869771297,8.85014352494049,1.54528200158144e-09,1.03544700273799e-07,11.9124750140783
"7938448","7938448","USP47","ubiquitin specific peptidase 47",1.06621391910473,8.24430553600499,8.84342811464246,1.56963158170114e-09,1.04688235377218e-07,11.8970698292653
"7956910","7956910","CAND1","cullin associated and neddylation dissociated 1",1.04851549389025,9.10106429440074,8.84096638178318,1.5786557879267e-09,1.05046387221623e-07,11.8914210313646
"8156601","8156601","ERCC6L2","ERCC excision repair 6 like 2",1.09993373286315,9.74036065935069,8.82314174319451,1.64560309934752e-09,1.08315682413865e-07,11.8504947176129
"8148208","8148208","FAM91A1","family with sequence similarity 91 member A1",1.01731014375489,9.8022484178493,8.82260141963257,1.64767731403652e-09,1.08315682413865e-07,11.8492534164728
"8020898","8020898","ZNF271P","zinc finger protein 271, pseudogene",1.08790172243444,7.20915192431687,8.80502934083416,1.7166139503454e-09,1.10423083298817e-07,11.8088624492079
"7938313","7938313","IPO7","importin 7",1.11882781689707,10.1304106867479,8.8049135704545,1.7170777928954e-09,1.10423083298817e-07,11.8085961985363
"8051882","8051882","LRPPRC","leucine rich pentatricopeptide repeat containing",1.20926026914236,9.15233351900386,8.78490420996425,1.79920700048468e-09,1.14469955223587e-07,11.7625503590319
"8044745","8044745","DDX18","DEAD-box helicase 18",1.17753686121951,8.98574766015593,8.78473529247812,1.79991719756005e-09,1.14469955223587e-07,11.7621614068266
"7893883","7893883",NA,NA,1.44946043679765,10.2040662781381,8.77565294294104,1.83852890303543e-09,1.16154619443201e-07,11.7412424025433
"8091141","8091141","XRN1","5'-3' exoribonuclease 1",1.03696655784971,9.611712699641,8.76693251682604,1.87640045037849e-09,1.17258711623e-07,11.7211462204104
"7893876","7893876",NA,NA,1.44316558780711,8.35725841543066,8.76307192530876,1.8934207015556e-09,1.17555661958785e-07,11.7122461323157
"8052762","8052762","GFPT1","glutamine--fructose-6-phosphate transaminase 1",1.17958990262958,10.3006137821222,8.7525916792289,1.94042687608614e-09,1.19466109434648e-07,11.6880748628746
"8106354","8106354","IQGAP2","IQ motif containing GTPase activating protein 2",1.40559133799279,9.1154739502859,8.74405458973534,1.97959999032767e-09,1.21452476593176e-07,11.6683739507633
"8065032","8065032","ESF1","ESF1 nucleolar pre-rRNA processing protein homolog",1.125812695234,6.75599710100281,8.72837776499787,2.05365693044937e-09,1.25605153452548e-07,11.6321704338952
"7999520","7999520","RSL1D1","ribosomal L1 domain containing 1",1.23123703964481,10.0790541262813,8.7262799129239,2.0637801666454e-09,1.25956315648384e-07,11.6273231392784
"8047339","8047339","BZW1","basic leucine zipper and W2 domains 1",1.15758562529791,10.025451545326,8.70075684220153,2.19111546491168e-09,1.31769466850107e-07,11.5683006543332
"7892857","7892857",NA,NA,1.0450687175163,11.9287400324699,8.69045900932159,2.24474418667989e-09,1.32772461708436e-07,11.5444611768701
"8142307","8142307","PNPLA8","patatin like phospholipase domain containing 8",1.31788747244028,8.37700503106658,8.68956121014595,2.24948295986777e-09,1.32779542431949e-07,11.5423820753183
"7986010","7986010","IQGAP1","IQ motif containing GTPase activating protein 1",1.09690345767733,11.4419702580634,8.67804638891482,2.31117682295275e-09,1.34796784967266e-07,11.5157064227479
"8106303","8106303","POLK","DNA polymerase kappa",1.11800222902943,7.93699665461153,8.6779440773652,2.31173268315594e-09,1.34796784967266e-07,11.515469321708
"8122464","8122464","UTRN","utrophin",1.13018062989367,10.4864269539741,8.67694621388639,2.31716127425151e-09,1.34836271234077e-07,11.5131567552896
"7895632","7895632",NA,NA,1.64449076014001,8.57420065831254,8.67559520651859,2.32453185044049e-09,1.34991904187399e-07,11.5100255516523
"8112081","8112081","DHX29","DExH-box helicase 29",1.03565472469013,8.64364368451481,8.66863564627173,2.36288266878845e-09,1.36392420074283e-07,11.4938915048731
"7893530","7893530",NA,NA,1.00120929902907,12.2329532227389,8.66777169633033,2.36768848001911e-09,1.36395937969197e-07,11.4918881787511
"8046895","8046895","FAM171B","family with sequence similarity 171 member B",1.16532637920947,8.25216349924984,8.66024829449177,2.40996356923479e-09,1.375813034616e-07,11.4744385506627
"8162147","8162147","TUT7","terminal uridylyl transferase 7",1.17524762748406,8.76809307206125,8.64896806992304,2.4748020029344e-09,1.40340186313243e-07,11.4482607270112
"8058052","8058052","HSPD1","heat shock protein family D (Hsp60) member 1",1.60048895479457,9.76204459476561,8.6472253561623,2.48497720842693e-09,1.40340186313243e-07,11.4442148689081
"7977674","7977674","SUPT16H","SPT16 homolog, facilitates chromatin remodeling subunit",1.17402839038107,9.17202876028633,8.64517791400496,2.49698637751317e-09,1.40741902760772e-07,11.4394610204312
"7970681","7970681","RNF6","ring finger protein 6",1.16171885768836,7.09276584464924,8.63921711017824,2.53228862253525e-09,1.42452385016435e-07,11.4256176367733
"8046759","8046759","DNAJC10","DnaJ heat shock protein family (Hsp40) member C10",1.11111059927872,9.03594596368639,8.63018699868229,2.58674473508062e-09,1.4354935164986e-07,11.4046367121022
"7895277","7895277",NA,NA,1.33690491890349,10.7901723034798,8.61727647611218,2.66669188443004e-09,1.46851963428785e-07,11.3746202728065
"7938422","7938422","CTR9","CTR9 homolog, Paf1/RNA polymerase II complex component",1.06055192937409,8.63378794133561,8.61285186945277,2.69466919736414e-09,1.47544687137961e-07,11.3643279334506
"7961693","7961693","LDHB","lactate dehydrogenase B",1.07862606014816,11.3696117035758,8.60456376591432,2.74788727291764e-09,1.48758507622016e-07,11.3450411940519
"7895520","7895520",NA,NA,1.06664883286339,12.4149549755378,8.58819511565994,2.85617429999098e-09,1.53464647528114e-07,11.3069227859673
"7894700","7894700",NA,NA,1.54820579063549,8.23647891777894,8.57384770048342,2.95467967442453e-09,1.57287448001866e-07,11.2734808409295
"8088745","8088745","FRMD4B","FERM domain containing 4B",1.04811816565456,10.1124689647501,8.54095728766938,3.19383579975157e-09,1.6753650346653e-07,11.1967102166781
"8030980","8030980",NA,NA,1.04003767462228,10.5468029338011,8.53856199140639,3.21200865316064e-09,1.67877092261374e-07,11.1911134361373
"7966851","7966851","TAOK3","TAO kinase 3",1.006998599186,9.03619758757454,8.53392393899764,3.24749853028086e-09,1.69423943287575e-07,11.1802740434249
"8008834","8008834","CLTC","clathrin heavy chain",1.13499185174945,10.4050436014671,8.52574491001928,3.31106466904281e-09,1.71804810426543e-07,11.1611519492984
"8052149","8052149","PSME4","proteasome activator subunit 4",1.15577685308731,9.73616334630872,8.50014791735292,3.51835390528969e-09,1.79642275952855e-07,11.1012480057772
"7960411","7960411","C12orf4","chromosome 12 open reading frame 4",1.03285758947032,8.18454176406705,8.49922537364833,3.52606809069339e-09,1.79716938537362e-07,11.0990873142339
"7932554","7932554","ARHGAP21","Rho GTPase activating protein 21",1.04525703907559,9.69678881919385,8.49089659115062,3.59650068053507e-09,1.82336875771889e-07,11.0795751421986
"8083445","8083445",NA,NA,1.18895067436001,9.85061416319494,8.4879513046815,3.62175080423997e-09,1.83293747568102e-07,11.0726728124044
"8047401","8047401","CFLAR","CASP8 and FADD like apoptosis regulator",1.26858064955648,10.2855458007243,8.47982372178164,3.6923743689436e-09,1.86212269490619e-07,11.0536194780077
"8057933","8057933","GTF3C3","general transcription factor IIIC subunit 3",1.01627814069446,8.07611998386353,8.45260935152569,3.93927988566986e-09,1.95576061474034e-07,10.9897550946544
"8099860","8099860","RFC1","replication factor C subunit 1",1.25686741997185,8.95240203695278,8.45078561950524,3.95641811612931e-09,1.95678877978058e-07,10.985471667652
"7892509","7892509",NA,NA,1.19925502212461,11.2406171527233,8.44715782550089,3.99073693408497e-09,1.96771396067249e-07,10.9769496516054
"8065730","8065730","EIF2S2","eukaryotic translation initiation factor 2 subunit beta",1.02336070700953,9.71228303354955,8.44521239507633,4.00926597098398e-09,1.96983919626284e-07,10.9723789134219
"8129379","8129379","ECHDC1","ethylmalonyl-CoA decarboxylase 1",1.13051472697178,9.23941747070844,8.41904011687835,4.26727538374249e-09,2.06510266298083e-07,10.910837196568
"8161737","8161737",NA,NA,1.16891632272759,7.60064840650111,8.39964153705611,4.46942502421923e-09,2.11660777176616e-07,10.8651624312149
"8049016","8049016","PSMD1","proteasome 26S subunit, non-ATPase 1",1.24707048937923,9.35257445132018,8.39700263432601,4.49767195289611e-09,2.12648154536105e-07,10.8589450289014
"7892759","7892759",NA,NA,1.12234759542741,8.47583545137007,8.39245467171012,4.54678293064413e-09,2.14360134045135e-07,10.8482275298602
"8104350","8104350","ICE1","interactor of little elongation complex ELL subunit 1",1.07317270199259,8.3106734829367,8.37679710282482,4.72009660626465e-09,2.19198541266048e-07,10.8113079717144
"7894834","7894834",NA,NA,1.18425795973878,8.89174238538493,8.36710182887033,4.83078786569844e-09,2.23616470188997e-07,10.7884302589126
"8103722","8103722","HSP90AA6P","heat shock protein 90 alpha family class A member 6, pseudogene",1.56735791157914,6.83159224609762,8.35082600433735,5.02261678932707e-09,2.30271359212115e-07,10.7499955820889
"8085815","8085815","TOP2B","DNA topoisomerase II beta",1.08882228067718,8.80140330308196,8.34681907647724,5.07102713050383e-09,2.32120614480037e-07,10.7405278184854
"7943690","7943690","DDX10","DEAD-box helicase 10",1.11420075316093,7.34336168863701,8.34186897922521,5.13149226059043e-09,2.34514907031689e-07,10.7288284500751
"8081171","8081171","CRYBG3","crystallin beta-gamma domain containing 3",1.11102804386508,9.58280040723196,8.33387500825638,5.23069972037247e-09,2.38168374244612e-07,10.7099279118132
"7903092","7903092","FNBP1L","formin binding protein 1 like",1.31198749821506,9.24820071746911,8.32182462823307,5.38397055636262e-09,2.42582472747962e-07,10.6814200651341
"7893642","7893642",NA,NA,1.18520120837927,11.7994587833254,8.29954696896877,5.67953374183816e-09,2.52878517556963e-07,10.6286649861847
"8150757","8150757","RB1CC1","RB1 inducible coiled-coil 1",1.01435042506526,8.18850793286374,8.29363313802403,5.76074666584822e-09,2.55259587014659e-07,10.6146492130014
"7995258","7995258","ZNF267","zinc finger protein 267",1.61521925364286,7.99422847870175,8.2868663995198,5.85513090497554e-09,2.5854315360127e-07,10.5986061852134
"7974621","7974621","ARID4A","AT-rich interaction domain 4A",1.17316349405504,7.90751630939384,8.22634637022646,6.77292502138719e-09,2.90155741676298e-07,10.4548433689345
"7947694","7947694","CKAP5","cytoskeleton associated protein 5",1.12812003404999,8.47848043331916,8.22492424371456,6.79617905416209e-09,2.90633696024539e-07,10.4514591612789
"8097647","8097647","ABCE1","ATP binding cassette subfamily E member 1",1.18912171161747,8.19632564472959,8.2213912655683,6.85430287678367e-09,2.91901911845961e-07,10.4430506078295
"7943126","7943126","CEP295","centrosomal protein 295",1.17355666324414,7.28989072733126,8.20315977780832,7.16242558545129e-09,3.0145107742223e-07,10.3996323247024
"7972069","7972069","MYCBP2","MYC binding protein 2",1.14583604741296,9.11612187474796,8.19778100077203,7.25600903502353e-09,3.04943327077173e-07,10.3868141306026
"7933877","7933877","JMJD1C","jumonji domain containing 1C",1.28009515882007,9.9374907419695,8.19235977139756,7.35159661001004e-09,3.08509483432626e-07,10.373890787938
"8062603","8062603","TOP1","DNA topoisomerase I",1.07259431996598,10.4818187364579,8.18555181305539,7.47346145453004e-09,3.11959582238991e-07,10.3576560478233
"7908022","7908022","DHX9","DExH-box helicase 9",1.09432598215661,8.99093354336607,8.14114201821853,8.32076185391234e-09,3.37360536322375e-07,10.2515989162419
"8059689","8059689","NCL","nucleolin",1.294942042097,10.1394520750239,8.11939152608027,8.77096495074401e-09,3.49695088036182e-07,10.199558016882
"7894725","7894725",NA,NA,1.22519354637849,11.2927317529192,8.1162773956579,8.83743096028492e-09,3.50885069591644e-07,10.1921018128361
"8056426","8056426","TTC21B","tetratricopeptide repeat domain 21B",1.12024245221632,7.72500929466112,8.11428451050351,8.88023579135143e-09,3.51613303110452e-07,10.1873295330524
"8091048","8091048","COPB2","COPI coat complex subunit beta 2",1.19496937543567,9.47376045291232,8.09108125695342,9.39449806805205e-09,3.68423248928e-07,10.1317261508841
"7977058","7977058","EIF5","eukaryotic translation initiation factor 5",1.16555080226468,10.2687748080709,8.08645596639387,9.50059623657794e-09,3.72076484218896e-07,10.120633590513
"7999841","7999841","SMG1","SMG1 nonsense mediated mRNA decay associated PI3K related kinase",1.12148936263993,9.8866217996038,8.04834235652497,1.04228635737633e-08,3.97368217893103e-07,10.0291181460657
"7969651","7969651","DNAJC3","DnaJ heat shock protein family (Hsp40) member C3",1.21259286202562,8.95950195843389,8.04649139424767,1.04699158311603e-08,3.98322262280686e-07,10.0246687767891
"8163275","8163275","ECPAS","Ecm29 proteasome adaptor and scaffold",1.07939774060315,9.78689852967465,8.04626831906973,1.04756011369999e-08,3.98322262280686e-07,10.0241325143942
"7969703","7969703","IPO5","importin 5",1.12127431435865,9.39940098716782,8.045018832688,1.05075039933884e-08,3.99007542660428e-07,10.0211286832207
"8173615","8173615","RLIM","ring finger protein, LIM domain interacting",1.08121875069235,8.90246895457903,8.04215457557491,1.05810116642202e-08,4.00212843815362e-07,10.0142420653869
"7961654","7961654","RECQL","RecQ like helicase",1.00912995143328,7.79287461245777,8.03929140426581,1.06550167897176e-08,4.0147170296097e-07,10.0073569552302
"7975224","7975224","EIF2S1","eukaryotic translation initiation factor 2 subunit alpha",1.15816443152072,9.50734290043911,8.03924608192133,1.06561924914499e-08,4.0147170296097e-07,10.0072479590571
"7946815","7946815","PIK3C2A","phosphatidylinositol-4-phosphate 3-kinase catalytic subunit type 2 alpha",1.06460072044677,10.2920951037048,8.02911621949312,1.09223250007361e-08,4.07757343469038e-07,9.98287961929878
"8047518","8047518","NOP58","NOP58 ribonucleoprotein",1.11125482374173,9.56007214763248,8.02131053725151,1.11320232673331e-08,4.11841880106509e-07,9.96409290696125
"7939902","7939902","LOC646813","DExH-box helicase 9 pseudogene",1.00209708164121,7.3042566588661,8.02034201969263,1.11583276878522e-08,4.12284431510281e-07,9.96176130861453
"7896184","7896184",NA,NA,1.18536371548331,11.2646527231733,8.00525542354617,1.15763717128173e-08,4.23916409244137e-07,9.92542574803351
"7908488","7908488","CFHR1","complement factor H related 1",1.24708397942476,6.18178637464152,7.98962826553307,1.20262905761449e-08,4.35400187533832e-07,9.8877560740118
"7989387","7989387","VPS13C","vacuolar protein sorting 13 homolog C",1.03045463667014,9.59973497802022,7.98661726865071,1.21150123516616e-08,4.37510232488524e-07,9.8804942269683
"8082688","8082688","DNAJC13","DnaJ heat shock protein family (Hsp40) member C13",1.2389804899818,9.15718685918357,7.973934584897,1.24961223972162e-08,4.46227993081215e-07,9.84989312264754
"7894211","7894211",NA,NA,1.16071186762647,10.0081003801989,7.96983741780634,1.26218412226943e-08,4.4904387102422e-07,9.84000277299759
"8095230","8095230","SRP72","signal recognition particle 72",1.1352925573744,10.2587510962823,7.966859489852,1.2714027324141e-08,4.51206703036737e-07,9.83281279987632
"7908459","7908459","CFH","complement factor H",1.60441933402429,10.1202886819835,7.95311842586232,1.3148396179569e-08,4.63190927178786e-07,9.79962072658963
"8056222","8056222","DPP4","dipeptidyl peptidase 4",1.49818930395601,9.2556069819421,7.94549621149186,1.33958503195925e-08,4.69606235715863e-07,9.78119809700142
"8163839","8163839","C5","complement C5",1.19393616400135,8.73993972925635,7.94308130346612,1.34752384778354e-08,4.7181389194136e-07,9.77535972980543
"7894896","7894896",NA,NA,1.15598553122022,10.9746824610585,7.93736390842967,1.36651149623407e-08,4.76720139208064e-07,9.76153405134898
"7938687","7938687","NUCB2","nucleobindin 2",1.08962129913365,8.70348934739816,7.93107951903617,1.38769773386797e-08,4.82938971643688e-07,9.74633225034298
"8113305","8113305","CHD1","chromodomain helicase DNA binding protein 1",1.24243668523092,8.75105687849842,7.91615397267747,1.43937076162424e-08,4.95522777408988e-07,9.71020658666822
"8139165","8139165","VPS41","VPS41 subunit of HOPS complex",1.0066799515078,8.55797569714734,7.90479166561522,1.4800223888567e-08,5.04682367616546e-07,9.68268547506345
"8097480","8097480","NAA15","N-alpha-acetyltransferase 15, NatA auxiliary subunit",1.35952332671216,8.59544079156013,7.89963056860294,1.4988730885371e-08,5.08986355142974e-07,9.6701788986024
"7901765","7901765","HOOK1","hook microtubule tethering protein 1",1.22600392213246,6.7672624647294,7.8882047391487,1.54148287283515e-08,5.21925402385385e-07,9.64247878020979
"7903239","7903239","AGL","amylo-alpha-1, 6-glucosidase, 4-alpha-glucanotransferase",1.06798255459351,7.53405175498054,7.8618259358844,1.64464579292634e-08,5.47821413249832e-07,9.57846136979069
"7925978","7925978","TASOR2","transcription activation suppressor family member 2",1.25637540506544,9.11643971960125,7.8560400785148,1.66820090740019e-08,5.52885445081697e-07,9.56440762817784
"8060813","8060813","MCM8","minichromosome maintenance 8 homologous recombination repair factor",1.13765092856712,7.69389413612832,7.84021875365839,1.73438697748262e-08,5.68491311912377e-07,9.52595530357994
"8171449","8171449","ACE2","angiotensin converting enzyme 2",1.06378921255079,6.74007867986334,7.8359276948953,1.75279608776273e-08,5.72566776577583e-07,9.51552056170487
"8030831","8030831","ZNF175","zinc finger protein 175",1.0144437257677,7.41692201935104,7.83399906146182,1.76113501778074e-08,5.74637766414587e-07,9.51082983311967
"8127698","8127698","PHIP","pleckstrin homology domain interacting protein",1.01763162544801,9.24519639778037,7.82154712317207,1.81595823423467e-08,5.87193874030482e-07,9.48053301311728
"7929201","7929201","BTAF1","B-TFIID TATA-box binding protein associated factor 1",1.01760632101588,9.21534242157778,7.80594878710862,1.88710162681134e-08,6.02071291501873e-07,9.44255183750114
"8127234","8127234","DST","dystonin",1.06037948150006,9.90556077162505,7.79852149390361,1.92197123982223e-08,6.09812199336973e-07,9.42445548262668
"8169541","8169541","DOCK11","dedicator of cytokinesis 11",1.12629937188081,9.48884003059439,7.79400500209975,1.94349623655116e-08,6.13931239735161e-07,9.41344764980691
"7965964","7965964","SLC41A2","solute carrier family 41 member 2",1.08660375079687,8.7192821791355,7.78873125934952,1.96894198096506e-08,6.19925588004617e-07,9.40059080961693
"8102328","8102328","CFI","complement factor I",1.19139200344593,8.9516082834276,7.76401317324438,2.09281802867494e-08,6.48976775105608e-07,9.34028197735814
"8036324","8036324","ZNF260","zinc finger protein 260",1.01663955337952,8.02697871182596,7.75380833026644,2.14625478549224e-08,6.6268786319828e-07,9.31536014882875
"8104625","8104625",NA,NA,1.19650092407919,4.66114530227466,7.74403923231283,2.19871503386529e-08,6.74538552438546e-07,9.29148970170213
"7915015","7915015","GNL2","G protein nucleolar 2",1.22177947882926,9.0755783066152,7.73954547043703,2.22328443099866e-08,6.79176772088072e-07,9.28050515981805
"7893335","7893335",NA,NA,1.08300675036245,9.28183956706506,7.73859013508852,2.22854369962716e-08,6.80006908889256e-07,9.27816959979298
"7896394","7896394",NA,NA,1.54691171685603,7.82283200999935,7.71827608742614,2.34343272272565e-08,7.0686586618543e-07,9.22847852719872
"8120992","8120992","ZNF292","zinc finger protein 292",1.12632042902308,9.16871316763095,7.71776240565946,2.34641505041432e-08,7.07023553870126e-07,9.22722128973707
"8040386","8040386","DDX1","DEAD-box helicase 1",1.12274067357412,9.38509665128761,7.71517943042198,2.36147008479431e-08,7.08588925443603e-07,9.22089892958555
"7892966","7892966",NA,NA,1.19585902491021,10.0600777002497,7.70156885779897,2.4424446330392e-08,7.21731310441512e-07,9.18756990791484
"7894685","7894685",NA,NA,1.10319641935739,10.9693838068745,7.70114507435799,2.44501089714874e-08,7.21731310441512e-07,9.18653177681294
"8149500","8149500","MTUS1","microtubule associated scaffold protein 1",1.02123040938854,9.68497390838432,7.6950457183178,2.48225253859727e-08,7.31094584779888e-07,9.17158775662746
"8059596","8059596","TRIP12","thyroid hormone receptor interactor 12",1.04478471343901,10.2024804451643,7.67470729903875,2.61067298695451e-08,7.62666724420676e-07,9.12172168677162
"7930276","7930276","SLK","STE20 like kinase",1.18657062468962,9.99529245303432,7.669739096754,2.64306104842062e-08,7.69781488327245e-07,9.10953240533441
"7896491","7896491",NA,NA,1.25676613851669,10.8069378825016,7.6691484251508,2.64693885834241e-08,7.70130611557804e-07,9.10808300375417
"8102720","8102720","ANKRD50","ankyrin repeat domain containing 50",1.12498759204792,8.60912405725371,7.64891348668742,2.7833498281317e-08,7.96184886087354e-07,9.0584028168257
"8125941","8125941","SRPK1","SRSF protein kinase 1",1.10065131540481,9.02768020890204,7.6457959043724,2.80499562592202e-08,7.99924645463832e-07,9.05074391507791
"7895982","7895982",NA,NA,1.1401549443146,11.3471043599811,7.63795580117674,2.86019297722313e-08,8.11639756399368e-07,9.03147773911984
"7893128","7893128",NA,NA,1.40786008537421,6.12681264003502,7.63064866168144,2.91263596261084e-08,8.21654890885292e-07,9.01351411407862
"8152863","8152863",NA,NA,1.00564544650738,7.22309181145295,7.61520811338178,3.02670343450687e-08,8.42261538512436e-07,8.97553293888327
"8091354","8091354","HLTF","helicase like transcription factor",1.127709514173,7.63674117373478,7.58318718890207,3.27801125665114e-08,8.9657194656226e-07,8.89666902102282
"7896085","7896085",NA,NA,1.029186572461,8.77527116489197,7.57458385244763,3.34909279820948e-08,9.10813827600093e-07,8.87545754473171
"8096176","8096176","PTPN13","protein tyrosine phosphatase non-receptor type 13",1.24341062147076,10.1961327317875,7.56512609330684,3.42905033630127e-08,9.27295211357631e-07,8.85212855613422
"8129728","8129728","AHI1","Abelson helper integration site 1",1.12740684201612,8.5651312577893,7.55959030793123,3.47675172525267e-08,9.36670150835176e-07,8.83846839792344
"7960794","7960794","CD163","CD163 molecule",1.65536805890134,9.5616977985118,7.54644800137534,3.59272786211174e-08,9.60712140690829e-07,8.80602263255684
"8041149","8041149","WDR43","WD repeat domain 43",1.37186492784053,9.16753390586467,7.54305875005683,3.62327191040186e-08,9.65287991996404e-07,8.79765166335815
"8130211","8130211","SYNE1","spectrin repeat containing nuclear envelope protein 1",1.02289263972305,9.04180474591583,7.53862377833034,3.66364055214649e-08,9.75138993629657e-07,8.78669570115162
"7895952","7895952",NA,NA,1.10410051489156,7.04500998401421,7.53597199057783,3.68799692494727e-08,9.7709824520308e-07,8.78014364200579
"7893825","7893825",NA,NA,1.86561816272631,6.83907696088033,7.52278129092089,3.81162919214541e-08,1.00349824359444e-06,8.74753864930258
"7912852","7912852","EIF1AX","eukaryotic translation initiation factor 1A X-linked",1.02146185610377,9.87359771620615,7.51996703609929,3.83854893252971e-08,1.00861908239944e-06,8.74057946234285
"7895475","7895475",NA,NA,1.07997129007734,12.6144492625867,7.49658155789378,4.06988027615785e-08,1.05398899476066e-06,8.6827121480505
"7895222","7895222",NA,NA,1.05479195029275,6.82085248693567,7.46804645131348,4.37152285054689e-08,1.11404074345586e-06,8.61200829948354
"8127841","8127841","PGM3","phosphoglucomutase 3",1.43107648471393,8.59872238872073,7.46469023604423,4.40846895484418e-08,1.11652730022864e-06,8.60368556401038
"8130032","8130032","FBXO30","F-box protein 30",1.07317834282106,9.52572961288241,7.45595630639737,4.50611411706405e-08,1.13426231531632e-06,8.58202053186302
"7952673","7952673","LOC399975","uncharacterized LOC399975",1.24236559185091,5.15428760641008,7.4531232431204,4.53825920686252e-08,1.14035663601809e-06,8.57499088707082
"8166140","8166140","MOSPD2","motile sperm domain containing 2",1.10162965361843,8.57791266253778,7.44863674543239,4.58964395319348e-08,1.14567408969232e-06,8.56385653058667
"8140967","8140967","SAMD9","sterile alpha motif domain containing 9",1.40818146821293,8.29675387466998,7.44849256748788,4.5913050557488e-08,1.14567408969232e-06,8.56349867529303
"7895320","7895320",NA,NA,1.09624292574978,11.3596955714037,7.44638946390027,4.61560513704508e-08,1.14874619280951e-06,8.55827839295592
"7903049","7903049","CCDC18","coiled-coil domain containing 18",1.02299019468531,5.51221334638353,7.43707957853541,4.72476048262395e-08,1.16537761370594e-06,8.53516290512323
"7895885","7895885",NA,NA,1.03082070226982,10.4783261233826,7.4370719597769,4.72485087974268e-08,1.16537761370594e-06,8.53514398407354
"8152668","8152668","ATAD2","ATPase family AAA domain containing 2",1.07245843160006,7.12162245691205,7.4074967357532,5.08940185453742e-08,1.22734853784004e-06,8.46163964363075
"7974920","7974920","SYNE2","spectrin repeat containing nuclear envelope protein 2",1.06889635056852,9.13301557902912,7.40045698980136,5.18032365743978e-08,1.24198151673698e-06,8.44412740289885
"8023481","8023481","NARS1","asparaginyl-tRNA synthetase 1",1.02232278557977,9.96417142012844,7.39559968814641,5.24402208354556e-08,1.25331008782597e-06,8.43204065866695
"7962274","7962274","KIF21A","kinesin family member 21A",1.17099217302389,7.08564918370736,7.38944857593958,5.3258349088894e-08,1.26328272788181e-06,8.41673022117637
"8166876","8166876","DDX3X","DEAD-box helicase 3 X-linked",1.11729826543568,10.4146420700069,7.38614371049615,5.37032743339986e-08,1.26598257334898e-06,8.40850229399847
"7988921","7988921","MYO5A","myosin VA",1.08504162342964,8.4692083628517,7.38513133850059,5.3840324032738e-08,1.26756261641694e-06,8.40598157963459
"7895606","7895606",NA,NA,1.25096954933697,11.0769526715441,7.36922468938494,5.6041111225361e-08,1.30653510404236e-06,8.36635874157281
"7895517","7895517",NA,NA,1.00670757276101,11.6694531502367,7.35843676496414,5.75856815379317e-08,1.33281642631995e-06,8.33946857653593
"7906400","7906400","IFI16","interferon gamma inducible protein 16",1.02066984709905,10.519180777056,7.30894876217083,6.52469528829265e-08,1.46538724241411e-06,8.21592966789703
"7971541","7971541","SUCLA2","succinate-CoA ligase ADP-forming subunit beta",1.0119436102867,8.93750413455698,7.29601850122456,6.74147588325419e-08,1.50575342455342e-06,8.18360169575097
"8151559","8151559","SLC10A5","solute carrier family 10 member 5",1.16926825377539,6.26745896450234,7.29493751386478,6.75992824252363e-08,1.50870261847503e-06,8.18089810553363
"8168412","8168412","JPX","JPX transcript, XIST activator",1.21449327984937,6.56219647313865,7.28976843092886,6.84887809207219e-08,1.52170693010742e-06,8.16796805702384
"8020779","8020779","DSG2","desmoglein 2",1.48590771570479,8.2911070691867,7.28949300181459,6.85365102403362e-08,1.52170693010742e-06,8.16727900135163
"7935146","7935146","NOC3L","NOC3 like DNA replication regulator",1.18044792930128,7.29707926008039,7.28947465646326,6.85396905238556e-08,1.52170693010742e-06,8.16723310548043
"7894156","7894156",NA,NA,1.39015959376012,7.62827387246652,7.28745063604369,6.88914924999562e-08,1.52687343361892e-06,8.16216921681708
"7892605","7892605",NA,NA,1.10179212818342,9.01602996390509,7.27921882127741,7.03413574575162e-08,1.55182859667979e-06,8.14156891426333
"8083146","8083146","PLS1","plastin 1",1.10630292873144,7.7092302438874,7.27855017511233,7.04604825463841e-08,1.55326459453862e-06,8.13989524878347
"8129071","8129071","FRK","fyn related Src family tyrosine kinase",1.09164564353579,7.95145546436426,7.24062593674313,7.75647329877272e-08,1.66776794649021e-06,8.04487929019523
"7926410","7926410","MRC1","mannose receptor C-type 1",1.1719295672506,10.6664334409757,7.23014355669646,7.96542201479678e-08,1.69862033558864e-06,8.01858579056805
"7926451","7926451","MRC1","mannose receptor C-type 1",1.1719295672506,10.6664334409757,7.23014355669646,7.96542201479678e-08,1.69862033558864e-06,8.01858579056805
"8121949","8121949","LAMA2","laminin subunit alpha 2",1.29417432792636,9.33521818023457,7.21741586741671,8.22685446162782e-08,1.73761321347504e-06,7.98664241411229
"7988789","7988789","DMXL2","Dmx like 2",1.06529369529288,9.10853850482814,7.19971413902469,8.60506070633607e-08,1.80049915973794e-06,7.9421829613355
"8152148","8152148","UBR5","ubiquitin protein ligase E3 component n-recognin 5",1.00430093303533,9.0305456041994,7.18829184544733,8.85846022852524e-08,1.84125305661017e-06,7.91347487484485
"8103309","8103309",NA,NA,1.01403297814326,6.53332003836185,7.17306136857189,9.20821284038306e-08,1.89884710408645e-06,7.87517122062256
"7895723","7895723",NA,NA,1.38211820199541,5.71774814887555,7.16296624978474,9.44775784298395e-08,1.93024340408256e-06,7.84976738218594
"8083453","8083453",NA,NA,1.04751572887258,6.17396310364831,7.14873373851215,9.79630358214125e-08,1.98461329145192e-06,7.81393138508068
"7894284","7894284",NA,NA,1.16764970028126,10.4612919826612,7.14781954833935,9.81913416747871e-08,1.98497822867793e-06,7.81162872501353
"8059710","8059710","SNORD20","small nucleolar RNA, C/D box 20",1.75291474341809,4.52254308149128,7.14316027997529,9.93633729289212e-08,2.000209746649e-06,7.79989142883637
"8104079","8104079","FAT1","FAT atypical cadherin 1",1.02531084579671,9.42071328025993,7.13490142574371,1.01475998668727e-07,2.03135728254265e-06,7.77907998452221
"7987145","7987145","FMN1","formin 1",1.06414185238055,8.02255610291293,7.12589629171188,1.03831702959737e-07,2.07130196619056e-06,7.75637878695919
"7894429","7894429",NA,NA,1.25359574030749,9.96880742976462,7.1178300256633,1.05989061490423e-07,2.10266498385349e-06,7.73603625861619
"7893191","7893191",NA,NA,1.01639261476757,10.1253676218096,7.09449190522381,1.12491602588822e-07,2.19232786984291e-06,7.67713605112383
"7895286","7895286",NA,NA,1.09518001969268,8.25442232818354,7.09055823970666,1.13626969084949e-07,2.20697354953779e-06,7.66720205293384
"7929562","7929562","ZNF518A","zinc finger protein 518A",1.06766752906596,7.60353414263803,7.08312268654681,1.15805050355951e-07,2.2417050353752e-06,7.64841950506953
"7978595","7978595","BAZ1A","bromodomain adjacent to zinc finger domain 1A",1.15422451614323,9.77362721380887,7.08027458721888,1.16650554685105e-07,2.25503486548624e-06,7.6412233610826
"8104788","8104788","RAI14","retinoic acid induced 14",1.08246219167495,8.7205849496664,7.0745265712833,1.18376137298208e-07,2.28378553206328e-06,7.62669726016158
"8160088","8160088","MPDZ","multiple PDZ domain crumbs cell polarity complex component",1.07524305297019,8.8580559932846,7.07069740884383,1.19540071090053e-07,2.30160675388793e-06,7.61701824862368
"8021685","8021685","CCDC102B","coiled-coil domain containing 102B",1.07986860557877,8.5394802536218,7.0458326347404,1.2738693663447e-07,2.4234711320281e-06,7.5541257560845
"8069553","8069553","NRIP1","nuclear receptor interacting protein 1",1.22416503794139,9.14468608349054,7.04497649435682,1.27666268304018e-07,2.4255747182203e-06,7.55195897107265
"7894039","7894039",NA,NA,1.15495714581984,7.36669960615073,7.04360725089984,1.28114305848816e-07,2.43097245663688e-06,7.548493409217
"8136347","8136347","CALD1","caldesmon 1",1.06947690821622,10.0197047818692,7.03557897555667,1.30773674108083e-07,2.46793862506652e-06,7.5281694345422
"7969243","7969243","CKAP2","cytoskeleton associated protein 2",1.24254611261642,7.44475961527397,7.03418202870829,1.31242120268166e-07,2.4722712904513e-06,7.52463223267619
"8007885","8007885","NSF","N-ethylmaleimide sensitive factor, vesicle fusing ATPase",1.00517516347346,8.73075027647475,7.02505294883269,1.34345766475728e-07,2.51918030209477e-06,7.50151098364441
"8059279","8059279","EPHA4","EPH receptor A4",1.09244326872238,8.62188627516267,7.02289782395258,1.35089287800678e-07,2.5265300371622e-06,7.49605128824338
"8038949","8038949","ZNF841","zinc finger protein 841",1.04302474980679,7.99194410780011,7.01325308064177,1.38468392667827e-07,2.57298798683216e-06,7.47161117560471
"8114455","8114455","HSPA9","heat shock protein family A (Hsp70) member 9",1.11133345103439,10.2836694313464,6.99950491203008,1.4343446941633e-07,2.6413627532619e-06,7.43675434825083
"7895123","7895123",NA,NA,1.03107498926985,10.7496962901703,6.97541990116497,1.52575592214797e-07,2.77240074197634e-06,7.37563751827242
"8097148","8097148","BLTP1","bridge-like lipid transfer protein family member 1",1.06104014418102,9.699806033928,6.96873142303227,1.55217759377902e-07,2.80955214814104e-06,7.35865345400288
"8135955","8135955","CALU","calumenin",1.05680352810306,9.13977019108391,6.93335512407566,1.6998716618205e-07,3.01632782658593e-06,7.26873796841046
"8109830","8109830","SPDL1","spindle apparatus coiled-coil protein 1",1.29482188318403,6.80848566646552,6.92983497461921,1.71532927774407e-07,3.04000341664804e-06,7.25978311726721
"7893125","7893125",NA,NA,1.00416771171204,7.57052426969296,6.92625756170773,1.73118487119375e-07,3.06119255994825e-06,7.25068116626005
"7896111","7896111",NA,NA,1.12228700010687,11.344322856317,6.91666610653185,1.7744352908637e-07,3.11403643902124e-06,7.22627069549235
"7894908","7894908",NA,NA,1.02878592207182,10.8196202012036,6.89350295674318,1.88347348139564e-07,3.23624200216372e-06,7.16727748901568
"7895647","7895647",NA,NA,1.11330584525671,7.09437385604209,6.84048307753505,2.15944146048515e-07,3.57370778486506e-06,7.03201928534366
"7933139","7933139","ZNF33B","zinc finger protein 33B",1.01930713693859,7.92351970030351,6.83870381858273,2.16938467937334e-07,3.58603404216596e-06,7.02747487472791
"7892904","7892904",NA,NA,1.34962328205933,6.24269814608454,6.80977292024212,2.33775556391221e-07,3.80527301473501e-06,6.95353386261834
"7895619","7895619",NA,NA,1.01736921662104,10.99840001508,6.80230938100792,2.38330856810796e-07,3.85540732126232e-06,6.93444392408863
"8069532","8069532","HSPA13","heat shock protein family A (Hsp70) member 13",1.05837923088504,8.57613956872433,6.78845671553552,2.47026307274358e-07,3.97370913760979e-06,6.89899616222882
"7965359","7965359","ATP2B1","ATPase plasma membrane Ca2+ transporting 1",1.01587068263176,9.17128383964975,6.76592797337277,2.61862307176671e-07,4.14966586664862e-06,6.84130294655606
"8146957","8146957","PI15","peptidase inhibitor 15",2.10931216150438,6.68953278829845,6.76385283132385,2.63273626885874e-07,4.16056276990727e-06,6.83598603684631
"8048976","8048976",NA,NA,1.03884632919604,8.01165807648373,6.76021927907766,2.65763479652194e-07,4.17923248691573e-06,6.82667507434933
"7939314","7939314","EHF","ETS homologous factor",1.16033958852307,9.48759039019903,6.72924349595395,2.87985208702023e-07,4.46999071779069e-06,6.74724269886185
"7893851","7893851",NA,NA,1.14001606582125,6.68446016302526,6.7246014284301,2.91474443596032e-07,4.50711369317458e-06,6.73533010822518
"7979698","7979698","ATP6V1D","ATPase H+ transporting V1 subunit D",1.02842568979839,7.98674205789537,6.72248924597971,2.93076267129132e-07,4.52458129693557e-06,6.72990901978695
"8100378","8100378","RPL21P44","ribosomal protein L21 pseudogene 44",1.07347760740375,7.20834351975468,6.70725827971479,3.04894987879726e-07,4.67440603818165e-06,6.69080360379417
"8085628","8085628","ANKRD28","ankyrin repeat domain 28",1.45179401170265,9.62517759167818,6.7062916401546,3.05661211808556e-07,4.68115993321723e-06,6.68832094034168
"8027312","8027312","ZNF429","zinc finger protein 429",1.02445168252756,7.18226447286319,6.69908133136331,3.11438660791189e-07,4.7594980027132e-06,6.66979929601664
"8156982","8156982","SMC2","structural maintenance of chromosomes 2",1.31207367743733,6.84289259105141,6.69447196291851,3.15190053110229e-07,4.79821817323714e-06,6.65795602802988
"7904364","7904364","WDR3","WD repeat domain 3",1.11280871072433,7.02876628340069,6.69389894149596,3.15659611097214e-07,4.8010323706881e-06,6.65648355715371
"7929078","7929078","KIF20B","kinesin family member 20B",1.13120582442228,5.40725516523663,6.68905642461869,3.19656263381036e-07,4.84387925521943e-06,6.64403856247789
"8089596","8089596","CFAP44","cilia and flagella associated protein 44",1.00662041694102,7.98556382217261,6.64241813080137,3.60881599036625e-07,5.30634396210067e-06,6.52405640225533
"8104449","8104449","CCT5","chaperonin containing TCP1 subunit 5",1.12917286792696,9.43602923963158,6.62486683387766,3.77760262100759e-07,5.47057757901683e-06,6.47884589336357
"8102800","8102800","SLC7A11","solute carrier family 7 member 11",2.35843446852269,7.46655619681795,6.61462462709271,3.87978197699072e-07,5.58174913490595e-06,6.45244844060491
"7971077","7971077","POSTN","periostin",2.40291034629782,9.99312339148284,6.61336576853309,3.89253293104539e-07,5.59194161098604e-06,6.4492032245601
"8121277","8121277","CRYBG1","crystallin beta-gamma domain containing 1",1.09209637808004,8.48474432235133,6.60803526173989,3.946998874396e-07,5.64916248550066e-06,6.43545991582232
"8104760","8104760","TARS1","threonyl-tRNA synthetase 1",1.10191191913979,8.27348379590851,6.57925010885174,4.25478093067547e-07,6.00137059044147e-06,6.3611955582179
"7895271","7895271",NA,NA,1.02146832988769,11.0891603152286,6.55501383448048,4.5327636934597e-07,6.30071688260118e-06,6.29860294340324
"7895334","7895334",NA,NA,1.12327668607287,9.98444561814789,6.51728457763111,5.00268728333198e-07,6.82845435169331e-06,6.20104810886833
"7970864","7970864","HSPH1","heat shock protein family H (Hsp110) member 1",1.76361088209246,9.491009959447,6.51649668612337,5.01301095678471e-07,6.83087793569014e-06,6.1990094110707
"8103601","8103601","DDX60L","DExD/H-box 60 like",1.1589290655654,8.68897657959283,6.50934302351084,5.10773981816998e-07,6.92580607609029e-06,6.1804962937581
"7895417","7895417",NA,NA,1.23997870957793,8.38958842083168,6.49981932447428,5.2366786004384e-07,7.06581567602976e-06,6.15584202227295
"8101659","8101659","SPARCL1","SPARC like 1",1.15499414943027,11.7518258698387,6.48902324190838,5.38684429438028e-07,7.21768872768951e-06,6.12788332344494
"8140971","8140971","SAMD9L","sterile alpha motif domain containing 9 like",1.25275250179306,9.79203986455232,6.47544118084191,5.58198541956362e-07,7.40811416762585e-06,6.09269388069923
"8113130","8113130","MCTP1","multiple C2 and transmembrane domain containing 1",1.05842000836835,8.52526625377372,6.46567605594792,5.72670568703261e-07,7.53417301346521e-06,6.06738277563313
"7895550","7895550",NA,NA,1.24268935045159,8.27061397527894,6.45225241803435,5.93188154177699e-07,7.73674531760079e-06,6.0325740827358
"7892850","7892850",NA,NA,1.20305603856558,8.03585703652453,6.44653301037077,6.02155179664332e-07,7.82094488670946e-06,6.01773798002848
"7896430","7896430",NA,NA,1.15495092265494,9.73704850293304,6.44112626197122,6.10758439768442e-07,7.90493566392779e-06,6.00371008521198
"7965979","7965979","ALDH1L2","aldehyde dehydrogenase 1 family member L2",1.21051097197289,7.25159168978769,6.43272991363282,6.24366659149434e-07,8.04845021699984e-06,5.98192019460985
"7894868","7894868",NA,NA,1.64149339975651,4.3607145442804,6.41708842792531,6.50543075243103e-07,8.30027130090468e-06,5.94131045845659
"7950983","7950983","CHORDC1","cysteine and histidine rich domain containing 1",1.21239401993653,8.57378302758727,6.38877048190619,7.00800154660194e-07,8.82400404987382e-06,5.86773148315804
"7893030","7893030",NA,NA,1.12619435520809,6.70329438477916,6.38102669868907,7.15216893788759e-07,8.97016790089514e-06,5.84759788927497
"8159854","8159854","PUM3","pumilio RNA binding family member 3",1.19609669508699,7.74134003082216,6.34737836948879,7.81437247539652e-07,9.61197908334396e-06,5.76005023290922
"7957890","7957890","UTP20","UTP20 small subunit processome component",1.08693154333716,7.89922820464475,6.32819238948294,8.21944793532413e-07,9.99931563228012e-06,5.71008593720263
"7895412","7895412",NA,NA,1.04460656650274,6.65320324864923,6.28110953256974,9.30612450569734e-07,1.10178688237552e-05,5.58733518974936
"8056184","8056184","ITGB6","integrin subunit beta 6",1.06001029565676,10.7522493487238,6.27853187684433,9.36965860491117e-07,1.10702920779604e-05,5.58060937361015
"8144786","8144786","SLC7A2","solute carrier family 7 member 2",1.09039475177595,9.76786723950256,6.27087272829499,9.56104689354452e-07,1.12043152874778e-05,5.56062117505622
"7974851","7974851","HIF1A","hypoxia inducible factor 1 subunit alpha",1.15161113608701,11.1380332197551,6.24592144422162,1.02124491479213e-06,1.17898418958292e-05,5.49547076543161
"8042830","8042830","MTHFD2","methylenetetrahydrofolate dehydrogenase (NADP+ dependent) 2, methenyltetrahydrofolate cyclohydrolase",1.49256043992092,9.53372898531366,6.23400227286963,1.05393173901195e-06,1.20798731138905e-05,5.46433001528122
"8078272","8078272","NR1D2","nuclear receptor subfamily 1 group D member 2",1.20226458604991,9.10899786833375,6.23283675969433,1.05718436635558e-06,1.20978589949273e-05,5.46128428626263
"8057056","8057056","TTN","titin",1.83177182953867,8.72578839338753,6.22794529786276,1.07094636200478e-06,1.22106648891967e-05,5.44850064036629
"7893079","7893079",NA,NA,1.09992036708933,9.29494230010757,6.21552089404584,1.10672367599362e-06,1.25054617981835e-05,5.41602100325087
"8173924","8173924",NA,NA,2.12914121629272,8.11753604540095,6.18315535705687,1.20571490582883e-06,1.33385228467922e-05,5.33135204926126
"7894485","7894485",NA,NA,1.02286252226044,11.5236890878745,6.17658479791299,1.22688169243759e-06,1.35281707444615e-05,5.31415292477631
"7922889","7922889","IVNS1ABP","influenza virus NS1A binding protein",1.04336178922502,9.29377293224424,6.1728346148431,1.23913102605758e-06,1.36214380401725e-05,5.304334871084
"7902977","7902977","BTBD8","BTB domain containing 8",1.11861644916148,6.71322413246065,6.16977902140117,1.24920311021732e-06,1.36954967987441e-05,5.29633443227093
"7896309","7896309",NA,NA,1.01672015050609,6.02582519168905,6.16175756306362,1.27604033122963e-06,1.39048731469018e-05,5.27532835069184
"8042157","8042157",NA,NA,1.23770327496427,5.09574751324219,6.12786944086022,1.39601739064403e-06,1.49459649577107e-05,5.18652809843549
"7984540","7984540","KIF23","kinesin family member 23",1.33753297314177,6.92514891352796,6.11429973070827,1.4472052894293e-06,1.53680691724916e-05,5.15094495238806
"7895225","7895225",NA,NA,1.18951264754895,9.79150690696777,6.11120434404991,1.45914544713361e-06,1.54834237812118e-05,5.14282609084099
"8078225","8078225",NA,NA,1.04126964352497,6.27901129183167,6.08986265637903,1.54422819236196e-06,1.61537058288344e-05,5.08682924433405
"7893743","7893743",NA,NA,1.14874870552813,8.76872467495594,6.0870824369269,1.55567572349361e-06,1.62616197627445e-05,5.07953189106164
"8105481","8105481","GAPT","GRB2 binding adaptor protein, transmembrane",1.04095272118207,6.92375791940769,6.08386425222317,1.56903385637205e-06,1.63596108941861e-05,5.0710842654609
"8129134","8129134","ROS1","ROS proto-oncogene 1, receptor tyrosine kinase",1.13205321006052,10.7141463286274,6.07589555799427,1.60261227336813e-06,1.66073152163808e-05,5.05016336667902
"7937915","7937915","RRM1","ribonucleotide reductase catalytic subunit M1",1.06200112536043,8.26241445440816,6.0684080063736,1.63482571967972e-06,1.68478526509577e-05,5.03050132913791
"8097903","8097903","TLR2","toll like receptor 2",1.00310459889992,9.01202323312129,6.0646054588505,1.65143535667648e-06,1.6972527981059e-05,5.02051438215092
"8104930","8104930","SLC1A3","solute carrier family 1 member 3",1.26818221345733,8.257919939147,6.05557537713066,1.69156650600464e-06,1.72969546159602e-05,4.99679364290019
"7954527","7954527","BMAL2","basic helix-loop-helix ARNT like 2",1.03471034994488,6.72244150749833,6.03803758187882,1.77234890564569e-06,1.79329333837368e-05,4.9507072657973
"7895818","7895818",NA,NA,1.28037419094222,9.58351993917646,6.03693345911771,1.77756340740215e-06,1.79668908963369e-05,4.94780506778037
"8083569","8083569","TIPARP","TCDD inducible poly(ADP-ribose) polymerase",1.03306944478416,10.6868492172027,6.03516347696065,1.78595500037554e-06,1.80326878963102e-05,4.94315246741855
"7895022","7895022",NA,NA,1.16862495945498,7.5836795639471,6.03378568366194,1.79251493114469e-06,1.80862176941682e-05,4.93953062353414
"8092849","8092849","ATP13A3","ATPase 13A3",1.02973460871798,10.1390227827029,6.03340691792149,1.79432257287221e-06,1.80925398141056e-05,4.93853492738636
"7894607","7894607",NA,NA,1.06776386845037,7.63720253042812,5.99335703912709,1.99624819289053e-06,1.96655759262615e-05,4.83319437203971
"8168622","8168622","KLHL4","kelch like family member 4",1.11306307373069,5.8716366316211,5.97247361848024,2.11050495962025e-06,2.05377710119308e-05,4.7782214842803
"7892779","7892779",NA,NA,1.58476687832034,5.96296898274998,5.9697594762545,2.12583229056369e-06,2.06310516625739e-05,4.77107465538467
"7961829","7961829","BCAT1","branched chain amino acid transaminase 1",1.14343347672459,8.22783044270312,5.96658314898581,2.14391266728394e-06,2.07714572071938e-05,4.76271017123224
"8063444","8063444","TSHZ2","teashirt zinc finger homeobox 2",1.6416558580689,7.31577942307911,5.96516301896144,2.15204658775884e-06,2.08221915892681e-05,4.75897020375109
"8149071","8149071","ANGPT2","angiopoietin 2",1.54175522013476,7.99736648672122,5.96425698917753,2.15725224842017e-06,2.08585177036954e-05,4.75658406758364
"7893604","7893604",NA,NA,1.05770457907631,4.91239534877957,5.95334377360837,2.22096425229514e-06,2.13882205683337e-05,4.72783846472502
"8103951","8103951","ACSL1","acyl-CoA synthetase long chain family member 1",1.24897208249994,10.6978111215524,5.94720025832247,2.257663902762e-06,2.16545901063719e-05,4.71165281142706
"7893313","7893313",NA,NA,1.10580261639353,9.62607113880678,5.94235894748727,2.28701598796069e-06,2.1863173126012e-05,4.69889615821387
"8080419","8080419","GNL3","G protein nucleolar 3",1.27805475947785,8.65836238543227,5.93223711209763,2.34963549037805e-06,2.23060177696193e-05,4.67222051620297
"8174474","8174474","ACSL4","acyl-CoA synthetase long chain family member 4",1.07687818203048,9.32136748794245,5.87876475402152,2.71038663982524e-06,2.49910470364217e-05,4.53118620942435
"7925364","7925364","HEATR1","HEAT repeat containing 1",1.0609204078902,8.54730604420897,5.87705081489309,2.72283319538322e-06,2.50786808825652e-05,4.52666266364556
"7927936","7927936","DDX21","DExD-box helicase 21",1.45053643297722,8.89599812865096,5.86831843629415,2.78714971417686e-06,2.5523862912943e-05,4.50361274179028
"7922408","7922408","SNORD78","small nucleolar RNA, C/D box 78",1.36513525666195,7.90943273156498,5.8277918595482,3.10632940513117e-06,2.78610125054292e-05,4.396578331423
"8160297","8160297","PLIN2","perilipin 2",1.09474838086167,10.2437465583366,5.82546803263042,3.12571279022572e-06,2.79911962205073e-05,4.39043791902491
"8035838","8035838","ZNF724","zinc finger protein 724",1.04514563754089,5.93808992899782,5.81132603382787,3.24633539225703e-06,2.88735016045237e-05,4.35306271689017
"8163107","8163107","MIR32","microRNA 32",1.33583335058088,8.25399587017002,5.80247398250821,3.32421907444906e-06,2.94568438699484e-05,4.32966217849567
"7893654","7893654",NA,NA,1.06309954665762,7.94049579577654,5.78633897735984,3.47106774117654e-06,3.04297997218239e-05,4.28699757076414
"7981333","7981333",NA,NA,1.98874915751934,6.3864872871094,5.78598380390446,3.47437290212509e-06,3.04402083037147e-05,4.2860582469061
"7895322","7895322",NA,NA,1.04771996761481,10.0636695316845,5.75320958153493,3.79344661208051e-06,3.27959146799598e-05,4.19935065669615
"7892598","7892598",NA,NA,1.09340152827294,9.82863717132269,5.73781674747658,3.95335563632451e-06,3.38929797559751e-05,4.15860732889565
"8106743","8106743","VCAN","versican",1.3892824938016,10.3535379699567,5.7133430438458,4.22172921467984e-06,3.56309327274607e-05,4.09380237557561
"7956878","7956878","IRAK3","interleukin 1 receptor associated kinase 3",1.0453082558244,10.1730697827363,5.67721712955554,4.65185256727538e-06,3.8548930024997e-05,3.99808799358824
"8057486","8057486","PDE1A","phosphodiesterase 1A",1.27823307334038,7.05765902437721,5.66793615368886,4.76932068845411e-06,3.93736049713676e-05,3.97348813611582
"7894159","7894159",NA,NA,1.2123768521741,8.1608532420978,5.62911544624554,5.29399420509462e-06,4.27010917207305e-05,3.87054789955276
"7896001","7896001",NA,NA,1.44047434310025,6.97100577895685,5.62851841294319,5.30250222137839e-06,4.27202154864751e-05,3.86896422503754
"8083455","8083455",NA,NA,1.15633098410501,4.16465281582818,5.61356571253515,5.52014035292275e-06,4.41273511082084e-05,3.82929601148135
"8057377","8057377","CCDC141","coiled-coil domain containing 141",1.5268714185566,8.20815477144409,5.59111380308503,5.86396240224126e-06,4.6207637942661e-05,3.76971511528206
"8084064","8084064","MTHFD2","methylenetetrahydrofolate dehydrogenase (NADP+ dependent) 2, methenyltetrahydrofolate cyclohydrolase",1.285045980212,9.11030132617471,5.5872813625009,5.9247720102351e-06,4.65999262851406e-05,3.75954282674901
"7947248","7947248","KIF18A","kinesin family member 18A",1.0731913841472,5.85331405486015,5.58423805008688,5.97351283345237e-06,4.68653384034994e-05,3.75146466131889
"8102076","8102076","CENPE","centromere protein E",1.18588879038224,4.94309766972789,5.53250466437688,6.86670826504716e-06,5.24555928214312e-05,3.61408801535863
"7988581","7988581","SECISBP2L","SECIS binding protein 2 like",1.11105124004763,10.1152961810264,5.51634741334596,7.17236333849546e-06,5.43571728258346e-05,3.57116240436336
"7896189","7896189",NA,NA,1.15119499562329,7.73374754760819,5.50309951991774,7.43317893467318e-06,5.59796074550996e-05,3.53595937347618
"8162313","8162313","IARS1","isoleucyl-tRNA synthetase 1",1.01225368108518,9.76079561913496,5.4715076552997,8.09434261220317e-06,6.02485688064196e-05,3.45198813180775
"8151592","8151592","CA1","carbonic anhydrase 1",1.24516697299116,7.45878239934064,5.45517619424474,8.45903039782274e-06,6.24133173128316e-05,3.40856671802561
"7976814","7976814","SNORD114-2","small nucleolar RNA, C/D box 114-2",1.33150030290035,4.94421910976842,5.4457580255852,8.67681413606427e-06,6.37370045743136e-05,3.38352245229418
"7893216","7893216",NA,NA,1.14137503025411,5.89459353551982,5.42624172114844,9.14623490569368e-06,6.66289073996631e-05,3.33161771553656
"8132318","8132318","ANLN","anillin, actin binding protein",1.57186121545022,6.3044208123068,5.40996074893701,9.55733382759096e-06,6.92083983429219e-05,3.28830958554318
"8151030","8151030",NA,NA,1.09366513152607,5.56363759622306,5.40536889240067,9.67660502462473e-06,6.97851701048325e-05,3.2760937880886
"8138466","8138466","MACC1","MET transcriptional regulator MACC1",1.2635540766823,8.67154560104443,5.4002034445508,9.81256546661988e-06,7.06062595503016e-05,3.2623514181565
"7896293","7896293",NA,NA,1.08663879816189,7.26251849947614,5.39508028122852,9.94931092885433e-06,7.13758153134132e-05,3.24872088896671
"8053737","8053737","ANKRD20A8P","ankyrin repeat domain 20 family member A8, pseudogene",1.10305366520435,6.74578280678427,5.35263754739636,1.11584636931751e-05,7.86564976272712e-05,3.13577560375431
"7929258","7929258","KIF11","kinesin family member 11",1.36305007370753,5.8097999486004,5.3176175015914,1.22666926263456e-05,8.48251975551912e-05,3.04255489889839
"7894408","7894408",NA,NA,1.35034391964139,8.81855055244729,5.28674959188825,1.33349338064367e-05,9.09432994542891e-05,2.96036923521018
"7893526","7893526",NA,NA,1.5542046211929,5.87103064008793,5.28098820491258,1.35444344312946e-05,9.19358470276259e-05,2.9450279799282
"7965873","7965873","IGF1","insulin like growth factor 1",1.28328251754056,8.95594246819633,5.27939033668154,1.3603121006422e-05,9.22823354848784e-05,2.94077314105068
"8045539","8045539","KYNU","kynureninase",1.06808339621038,8.27919891903862,5.2670565831857,1.40647955539455e-05,9.46632200875011e-05,2.90792941482936
"8063437","8063437","TSHZ2","teashirt zinc finger homeobox 2",1.3514225018311,7.94591918511683,5.24806877835306,1.48064991778678e-05,9.86204790131751e-05,2.85736291228107
"7934898","7934898","ANKRD22","ankyrin repeat domain 22",1.21561965074851,6.66528324961093,5.1890437124328,1.73724930181458e-05,0.000112247625151634,2.7001519083959
"8014974","8014974","TOP2A","DNA topoisomerase II alpha",1.47608375755352,6.48130665898303,5.18849944070474,1.73981218300715e-05,0.000112385394876607,2.6987021553133
"8173135","8173135","ALAS2","5'-aminolevulinate synthase 2",1.11679499550408,7.95489124703238,5.18509896440812,1.75591056250858e-05,0.000113072143884121,2.6896444238555
"7895258","7895258",NA,NA,1.33071051785346,7.32719050460832,5.18489809043206,1.75686619315457e-05,0.000113101259969317,2.68910936122171
"7970954","7970954","DCLK1","doublecortin like kinase 1",1.23353685244745,7.67163450109603,5.16008158614686,1.87903329571231e-05,0.000119766499154204,2.62300527378446
"7951351","7951351","PDGFD","platelet derived growth factor D",1.24847418702266,7.5932172157136,5.13868464429858,1.99118803830361e-05,0.000125744049536633,2.56600907506292
"8106098","8106098","MAP1B","microtubule associated protein 1B",1.01933973871582,9.17816284221999,5.12954441610654,2.0411217292667e-05,0.000128361595339096,2.54166177948486
"7943413","7943413","BIRC3","baculoviral IAP repeat containing 3",1.36201261004259,9.06407885529266,5.12412373506462,2.07132650208655e-05,0.000129806739980336,2.52722249027321
"7982757","7982757","KNL1","kinetochore scaffold 1",1.1587653699445,6.28343136602109,5.07789581603809,2.3478182735171e-05,0.000143902737932884,2.4040876009652
"8091678","8091678","VEPH1","ventricular zone expressed PH domain containing 1",1.10119554725819,9.34466900282899,5.07568477588804,2.36193284554073e-05,0.000144613677482244,2.39819846496049
"8083941","8083941","ECT2","epithelial cell transforming 2",1.15280751018909,7.15283995761302,5.07275304177905,2.38077931397706e-05,0.000145519630362715,2.39038980622206
"7895946","7895946",NA,NA,1.06113558422317,9.1777518382673,5.06755413313155,2.41457150592601e-05,0.000147147069131544,2.37654270351572
"8069448","8069448",NA,NA,1.42439475554993,4.82672595087417,5.06149661446842,2.45455127203733e-05,0.000149203913863365,2.36040900623189
"8021301","8021301","RAB27B","RAB27B, member RAS oncogene family",1.15035982026898,8.88583586273239,5.0294965485518,2.67702334189434e-05,0.00016008677550675,2.27518548630068
"7893326","7893326",NA,NA,1.02780914132317,4.01075829486575,5.02111653020493,2.738549052217e-05,0.000162864575775821,2.25286952908328
"8155414","8155414","ANKRD20A8P","ankyrin repeat domain 20 family member A8, pseudogene",1.17151492907856,6.95820782979608,4.99544559912142,2.93597753494008e-05,0.000172486430041667,2.18451405991202
"8161384","8161384","ANKRD20A8P","ankyrin repeat domain 20 family member A8, pseudogene",1.17151492907856,6.95820782979608,4.99544559912142,2.93597753494008e-05,0.000172486430041667,2.18451405991202
"7993756","7993756","ACSM3","acyl-CoA synthetase medium chain family member 3",1.10746392095525,7.42284064404298,4.97698953681265,3.08666591249509e-05,0.000179541275436228,2.13537654737106
"7895119","7895119",NA,NA,1.16129850670844,10.4029385998181,4.95498873422829,3.27644322758281e-05,0.000188696834587848,2.07680973298393
"7958174","7958174","TXNRD1","thioredoxin reductase 1",1.18066149933142,9.21554382382568,4.94184391542824,3.39535647911884e-05,0.000194118769587808,2.04182256873994
"7894637","7894637",NA,NA,1.21934285396879,8.4155798413335,4.9377203324817,3.43354249801673e-05,0.000196029022140991,2.03084773949884
"7982358","7982358","ARHGAP11A","Rho GTPase activating protein 11A",1.21206316201785,5.74658294804854,4.91522208747781,3.64957882845257e-05,0.000205990168864515,1.97097621008582
"8121916","8121916","RSPO3","R-spondin 3",1.04173661559786,7.80079944969215,4.89643471007734,3.84036249230415e-05,0.000214859984826343,1.92098976631381
"7968678","7968678","FREM2","FRAS1 related extracellular matrix 2",1.00141566411235,8.28733316249922,4.87787372258693,4.03863716493276e-05,0.000223991248202117,1.87161529697057
"7909708","7909708","CENPF","centromere protein F",1.11675940371172,6.53764633896078,4.83685557047599,4.51385118239133e-05,0.000245237509145759,1.7625398649257
"7985829","7985829","FANCI","FA complementation group I",1.0165896867793,6.91844318797113,4.83541556505329,4.53151308836168e-05,0.00024602303399531,1.75871162556303
"8097356","8097356","PLK4","polo like kinase 4",1.10391621601342,5.76750118136136,4.82095734974435,4.71271703819826e-05,0.00025421610805038,1.72027872109798
"7895739","7895739",NA,NA,1.40448046124681,9.30271330698989,4.81623483609511,4.77345819181584e-05,0.000256866022429686,1.70772696852471
"8103932","8103932","CENPU","centromere protein U",1.15968513971145,6.53391393101097,4.76551672578764,5.47718826324473e-05,0.000287312506962104,1.57298120801519
"8142975","8142975","MIR29A","microRNA 29a",1.11539432564746,5.79571115702558,4.752366980775,5.67596964571252e-05,0.000295534289771465,1.53806333112345
"7961710","7961710","ABCC9","ATP binding cassette subfamily C member 9",1.04272937274502,9.3522140050987,4.74299992961478,5.82194383995001e-05,0.000301708306513796,1.51319483624461
"7922598","7922598","ANGPTL1","angiopoietin like 1",1.16724593179576,8.46358541255768,4.72940025491129,6.04056971341765e-05,0.000310852518764597,1.47709654709892
"8069541","8069541","SAMSN1","SAM domain, SH3 domain and nuclear localization signals 1",1.08219981865835,7.94937348214674,4.70528166306495,6.44862552286776e-05,0.00032780227989453,1.41309973697483
"8097991","8097991","TDO2","tryptophan 2,3-dioxygenase",1.93528497439695,6.4696168084878,4.67923465766316,6.9202248899609e-05,0.000346988984278416,1.34401997827099
"7988467","7988467","FBN1","fibrillin 1",1.13364737785913,9.66926360276008,4.67584804943223,6.98401531901092e-05,0.000349638635249544,1.33504099799216
"8126093","8126093",NA,NA,1.05267819363722,6.49780508553661,4.63197467188462,7.86535991364376e-05,0.000385174848513805,1.2187783921725
"8094278","8094278","NCAPG","non-SMC condensin I complex subunit G",1.09108520370193,5.95970211514582,4.62617773524323,7.9898101119773e-05,0.000390338343777872,1.20342539474424
"7945014","7945014","CHEK1","checkpoint kinase 1",1.00316824212899,6.4869321111215,4.61808428118202,8.16684926289642e-05,0.000397232231660271,1.18199366783576
"7936461","7936461",NA,NA,1.00495988357567,6.3195270172208,4.61086036007044,8.32816426070145e-05,0.000403372215397008,1.16286801240066
"7982889","7982889","NUSAP1","nucleolar and spindle associated protein 1",1.08032153898588,7.20456968392926,4.5973411111652,8.63862955595307e-05,0.000416026210781416,1.12708430243581
"8174598","8174598","IL13RA2","interleukin 13 receptor subunit alpha 2",1.19126808413095,4.88978640874509,4.59248747027412,8.75288024163578e-05,0.000421105096947384,1.11424028973551
"7954810","7954810","LRRK2","leucine rich repeat kinase 2",1.05823748534372,10.854351307557,4.58965001365188,8.82036694340941e-05,0.000423289262362683,1.10673236441486
"8124307","8124307","CMAHP","cytidine monophospho-N-acetylneuraminic acid hydroxylase, pseudogene",1.06086575759726,10.0325861722364,4.56449970638982,9.44164186398318e-05,0.000448364906342623,1.04020868730202
"7892553","7892553",NA,NA,1.33321851140689,4.83630014712267,4.53283386838538,0.000102861248762459,0.000480788529581405,0.956515452916915
"7923086","7923086","ASPM","assembly factor for spindle microtubules",1.01592442364713,5.32799014273947,4.52884309806368,0.000103977487036025,0.000485295801645976,0.945973085789675
"7896630","7896630",NA,NA,1.45735774360712,6.15468622760555,4.52106763662321,0.000106187030206256,0.000492887513371395,0.925436246321526
"7983630","7983630","FGF7","fibroblast growth factor 7",1.09627103114739,7.18139482708563,4.51789513556645,0.000107101907818963,0.000496492733779053,0.917058258410735
"8169504","8169504","SLC6A14","solute carrier family 6 member 14",1.36285434626906,10.5017487701291,4.49592935651712,0.000113654907834583,0.000522572613661697,0.859072454894346
"8123744","8123744","F13A1","coagulation factor XIII A chain",1.05078317582673,10.9781042432904,4.49385452044824,0.000114294113520431,0.000524766967714786,0.853597249616511
"7896714","7896714",NA,NA,1.0107803725922,9.62678482807903,4.48187064630192,0.00011805656614014,0.00053996086718607,0.821980360981932
"7895530","7895530",NA,NA,1.15236210828996,6.4259380289241,4.47538569637481,0.000120143627904637,0.000547676613978227,0.804876171197297
"8061579","8061579","TPX2","TPX2 microtubule nucleation factor",1.12326149407057,6.38037996092453,4.46077962410652,0.000124979520786401,0.000566308528456159,0.766365371159067
"7896006","7896006",NA,NA,1.16469011066924,5.58107778354463,4.42928274781306,0.000136075475669554,0.000609762373125018,0.683383045084999
"7895279","7895279",NA,NA,1.07211019280594,6.2230157744441,4.42661314323621,0.000137059723413512,0.000613503396020683,0.676353734634624
"7894472","7894472",NA,NA,1.12741768009531,4.78417426592447,4.42006362196179,0.000139504478967115,0.00062278875106044,0.659111018867949
"7896260","7896260",NA,NA,1.00015299241537,4.68004566794869,4.38326697795447,0.000154066049127348,0.000676356543710253,0.562312614566599
"7896318","7896318",NA,NA,1.05388598144728,5.48170099427723,4.28957610111296,0.000198303040371712,0.000834126309412531,0.316464289929731
"8145570","8145570","ESCO2","establishment of sister chromatid cohesion N-acetyltransferase 2",1.15903216377348,5.18995838788423,4.26444310793299,0.00021217349686904,0.000881888279496447,0.250677570875509
"7937020","7937020","MKI67","marker of proliferation Ki-67",1.07093009004527,6.78840108204919,4.26183873790063,0.000213664579097414,0.000886736704944736,0.243864700385426
"8056257","8056257","FAP","fibroblast activation protein alpha",1.07551816119244,6.93984802720398,4.21174690530469,0.00024444725363644,0.000993370700716529,0.112986055562915
"7894310","7894310",NA,NA,1.11173022349581,6.17929005704265,4.21163671159689,0.000244519585779122,0.000993370700716529,0.112698484505855
"7929334","7929334","CEP55","centrosomal protein 55",1.08502963334127,6.23370318189036,4.19907868719598,0.000252902885769814,0.00102192105065211,0.0799360368883582
"8105267","8105267","ITGA2","integrin subunit alpha 2",1.20038722923057,9.81430790328946,4.14323879716235,0.000293751316424569,0.00116150967564521,-0.0654948876883026
"7962212","7962212","PKP2","plakophilin 2",1.01025105690742,8.41550497636849,4.13767482323829,0.000298162081334484,0.00117668412823189,-0.0799628632791158
"8146863","8146863","SULF1","sulfatase 1",1.06782492481759,8.76700731115934,4.10844661844968,0.000322428008212787,0.00125674786767251,-0.155893747919004
"8172268","8172268","MIR222","microRNA 222",1.10564274750893,7.47332110955267,4.07135022607134,0.000356047613890101,0.00136393186419041,-0.252087964884947
"7983910","7983910","AQP9","aquaporin 9",1.15957413917688,9.4892586156477,4.06627692647189,0.000360906189392015,0.00137886886234222,-0.265227625010226
"7940147","7940147","FAM111B","FAM111 trypsin like peptidase B",1.1392690247471,6.10577856672982,3.98319397343919,0.000450421207149408,0.00165927067904015,-0.479839216789828
"8088560","8088560","ADAMTS9","ADAM metallopeptidase with thrombospondin type 1 motif 9",1.17181900587423,10.4227595747761,3.98074875586887,0.000453362615395985,0.00166718200616259,-0.486138601791955
"8108301","8108301","KIF20A","kinesin family member 20A",1.12879512817822,5.92454520121815,3.96743429552673,0.000469713420915621,0.00171786030504331,-0.520421849101217
"7894949","7894949",NA,NA,1.14901536101951,5.33363142925159,3.93009913644767,0.000518717696298316,0.0018634165080969,-0.616394424854984
"8044049","8044049","IL18RAP","interleukin 18 receptor accessory protein",1.00180688401673,7.73224068893866,3.88649074716734,0.000582337379588125,0.00205282822214404,-0.728181240555135
"7919747","7919747",NA,NA,1.01821544391783,10.1032235347158,3.83618872047619,0.000665265052416768,0.00229962833054021,-0.856689988079944
"7951246","7951246","MMP8","matrix metallopeptidase 8",1.77412216537243,5.46730276411621,3.82420938034624,0.000686660558310934,0.00235968253546995,-0.887222590921948
"8096301","8096301","SPP1","secreted phosphoprotein 1",1.86283092848845,7.89487710233314,3.77247936610877,0.000787052788514863,0.00264801257708898,-1.01874224626029
"7979307","7979307","DLGAP5","DLG associated protein 5",1.17568589955237,5.39240207162252,3.75401129209843,0.000826264261842871,0.00275926957143764,-1.06556321929961
"8138381","8138381","AGR2","anterior gradient 2, protein disulphide isomerase family member",1.00227382942455,8.5074258846229,3.7431838657593,0.00085013468889409,0.00282585242448537,-1.09297999304069
"7919314","7919314","FMO5","flavin containing dimethylaniline monoxygenase 5",1.24802214449357,9.77922539147532,3.74147320118492,0.000853967224269112,0.00283662373802171,-1.09730939248431
"8134030","8134030","STEAP1","STEAP family member 1",1.08130729964524,7.2586507493667,3.71363880861009,0.000918751672567141,0.00301971593638407,-1.16766505745687
"7927710","7927710","CDK1","cyclin dependent kinase 1",1.09504576175884,5.73527919684145,3.68829135963847,0.0009819078254793,0.00319345798388835,-1.23158711376096
"7893674","7893674",NA,NA,1.1746636762572,4.145879050199,3.67275229445125,0.00102269980278084,0.00330431926837565,-1.27070303796786
"8169263","8169263","VSIG1","V-set and immunoglobulin domain containing 1",1.86718470727701,7.11628520940331,3.59394946090415,0.00125637386106639,0.00393503192527941,-1.4682083721922
"8091385","8091385","CP","ceruloplasmin",1.32692511734901,7.73850500994895,3.58353205360595,0.00129091465202209,0.0040282927254697,-1.49420651712341
"8089544","8089544","CCDC80","coiled-coil domain containing 80",1.10076158556254,10.2040721082302,3.57104427183855,0.00133353888717468,0.00414510260064049,-1.52533630442911
"7951271","7951271","MMP1","matrix metallopeptidase 1",1.3193058824096,6.91230186095015,3.56735903706832,0.00134637707733113,0.00418003623123024,-1.53451552208494
"7997188","7997188","HP","haptoglobin",1.5582539722849,8.79211298740457,3.55511465473534,0.00138990148743982,0.00429060439840476,-1.56498950180264
"8047300","8047300","AOX1","aldehyde oxidase 1",1.08680784127743,8.627049225064,3.49127010966879,0.00163994055284092,0.00493734092291214,-1.7232636719126
"7894362","7894362",NA,NA,1.02311901877807,4.80557246658226,3.4384830762779,0.00187915534657804,0.00553408458075324,-1.85330676312087
"7965769","7965769","SLC5A8","solute carrier family 5 member 8",1.0341505640289,7.11761845096828,3.34105081613079,0.00241232148645918,0.00682500674526401,-2.09127029504651
"7895458","7895458",NA,NA,1.00851382557025,6.1674780972777,3.27155674158029,0.00287894301188464,0.00792702067237893,-2.25926397018005
"7922229","7922229","SELE","selectin E",1.35834444438495,8.16691026461547,3.21407776770699,0.00332943884556687,0.00897066726541055,-2.39705632671578
"8092726","8092726","CLDN1","claudin 1",1.20115954529612,9.71837869728247,3.14477752167623,0.003962867796805,0.0103950607528517,-2.56172592981565
"8095680","8095680","CXCL8","C-X-C motif chemokine ligand 8",1.35694873220641,9.65328871264897,3.12023795115161,0.00421367975031113,0.0109586933956794,-2.61963893398532
"7913216","7913216","PLA2G2A","phospholipase A2 group IIA",1.38134485758996,9.09314504770458,2.93115564933939,0.00672256357875212,0.016265197595725,-3.05842120951445
"7892732","7892732",NA,NA,1.45793379648793,5.56738804681529,2.76694294808718,0.00999595315890361,0.022852208486229,-3.42784666609529
"8021635","8021635","SERPINB2","serpin family B member 2",1.44118365544859,7.69405625498809,2.55789540940554,0.0163391306944032,0.0345737689320069,-3.88051960598223
"8048864","8048864","CCL20","C-C motif chemokine ligand 20",1.26999978301842,7.81596876424505,2.48258904848912,0.0194235157080239,0.0399648115770421,-4.03831334852459
"8045688","8045688","TNFAIP6","TNF alpha induced protein 6",1.02083055274293,8.43980087422831,2.46906387456781,0.0200313569249167,0.0410246071646948,-4.06634074197623
"7895029","7895029",NA,NA,1.00063963509387,3.7786975354496,2.30342269806973,0.0290323017492165,0.0562639079136369,-4.40150812993895
